#include <Arduino.h>
static const uint8_t indexhtm[] = {
0x1F, 0x8B, 0x08, 0x00, 0x00, 0x00, 0x00, 0x00, 0x02, 0xFF, 0xED, 0x7D, 0xEB, 0x76, 0xDB, 0x46, 0xB6, 0xE6, 0xFF, 0x59, 0x6B,
0xDE, 0xA1, 0xC2, 0xB8, 0x43, 0xB2, 0x23, 0x82, 0xBA, 0x58, 0xB2, 0x2D, 0x99, 0x72, 0xDB, 0xB2, 0xDD, 0x71, 0xC7, 0xB2, 0x7D,
0x2C, 0x75, 0x67, 0x12, 0xC7, 0x73, 0x0C, 0x92, 0x90, 0x84, 0x88, 0x04, 0x18, 0x00, 0xB4, 0xAC, 0xA8, 0xB5, 0xD6, 0x3C, 0xCB,
0x3C, 0xC5, 0xF9, 0x7F, 0xDE, 0x64, 0x9E, 0x64, 0xBE, 0x5D, 0x17, 0xA0, 0xAA, 0x50, 0x00, 0x41, 0x59, 0x76, 0xAC, 0xEE, 0x64,
0x75, 0x5B, 0x04, 0x50, 0xD7, 0x5D, 0xBB, 0x76, 0xED, 0xDA, 0xD7, 0xFB, 0x5F, 0x3D, 0x7E, 0xB9, 0x77, 0xF8, 0xE3, 0xAB, 0x27,
0xEC, 0x24, 0x9B, 0x4E, 0x76, 0xFF, 0xE7, 0xFF, 0xB8, 0x4F, 0x7F, 0xD9, 0xC4, 0x8F, 0x8E, 0x07, 0xAD, 0x20, 0x6A, 0xF1, 0x37,
0x81, 0x3F, 0xC6, 0x5F, 0xC6, 0xEE, 0x4F, 0xC2, 0xE8, 0x94, 0x9D, 0x24, 0xC1, 0xD1, 0xA0, 0x75, 0x92, 0x65, 0xB3, 0x74, 0xBB,
0xDF, 0x1F, 0x8D, 0x23, 0xEF, 0x97, 0x74, 0x1C, 0x4C, 0xC2, 0xF7, 0x89, 0x17, 0x05, 0x59, 0x3F, 0x9A, 0x4D, 0xFB, 0xC3, 0x38,
0xCE, 0xD2, 0x2C, 0xF1, 0x67, 0x7F, 0xD9, 0xF4, 0x36, 0xBC, 0xBB, 0xFD, 0x71, 0x98, 0x66, 0xFD, 0x51, 0x9A, 0x16, 0x1F, 0xBC,
0x69, 0x18, 0x79, 0x78, 0xD3, 0x62, 0x49, 0x30, 0x19, 0xB4, 0xD2, 0xEC, 0x7C, 0x12, 0xA4, 0x27, 0x41, 0x90, 0xB5, 0x58, 0x18,
0x65, 0xC1, 0x71, 0x12, 0x66, 0xE7, 0x78, 0x7D, 0xE2, 0x6F, 0xDC, 0xBD, 0xDD, 0x4B, 0x5F, 0x3F, 0x9B, 0xDC, 0x3E, 0xFD, 0xF0,
0xEC, 0xF9, 0xD3, 0xF7, 0x3F, 0xDE, 0xBE, 0xF3, 0xB7, 0xB5, 0xAD, 0x51, 0x72, 0xEF, 0xA7, 0xB3, 0x47, 0xAB, 0x77, 0xDE, 0xBF,
0xBA, 0xFD, 0xB7, 0xBB, 0xDF, 0x3E, 0xFF, 0xEE, 0xCE, 0xAF, 0xDF, 0xFF, 0x47, 0x34, 0xFF, 0xF5, 0x74, 0xFE, 0xEC, 0xE1, 0xFB,
0x17, 0x3F, 0x3C, 0xFF, 0x2D, 0x78, 0x71, 0x37, 0x7B, 0xB2, 0xF9, 0xE3, 0xA3, 0xF9, 0x2F, 0x3F, 0xFD, 0xFA, 0xB7, 0xE7, 0x8F,
0x5A, 0x6C, 0x94, 0xC4, 0x69, 0x1A, 0x27, 0xE1, 0x71, 0x18, 0x0D, 0x5A, 0x7E, 0x14, 0x47, 0xE7, 0xD3, 0x78, 0x9E, 0xB6, 0xB4,
0x59, 0x95, 0x86, 0xB1, 0xCC, 0x34, 0x7B, 0xE1, 0x28, 0x8E, 0xD2, 0xBF, 0xAC, 0x79, 0x6B, 0x6B, 0xDE, 0x46, 0xFF, 0x28, 0x8E,
0x32, 0xFB, 0x5B, 0x3E, 0x5F, 0xD1, 0x65, 0x3A, 0x4A, 0xC2, 0x59, 0xC6, 0xD2, 0x64, 0x54, 0x74, 0xE1, 0xFF, 0xE2, 0x7F, 0xF0,
0x8E, 0xE3, 0xF8, 0x78, 0x12, 0xF8, 0xB3, 0x30, 0xF5, 0x46, 0xF1, 0x94, 0xBF, 0xEB, 0x4F, 0xC2, 0x61, 0xDA, 0xFF, 0xE5, 0xD7,
0x79, 0x90, 0x9C, 0xF7, 0x37, 0xBC, 0x3B, 0xDE, 0x9A, 0x7C, 0xE0, 0x6D, 0xFE, 0x82, 0x26, 0xEF, 0xF7, 0x45, 0x7B, 0xD5, 0x6D,
0x63, 0xF8, 0xBF, 0xA0, 0xC5, 0x49, 0x3C, 0x1F, 0x1F, 0x4D, 0xFC, 0x24, 0xB0, 0x1A, 0x2F, 0x06, 0xBB, 0xD1, 0xCB, 0xCE, 0x67,
0x81, 0x4F, 0x4B, 0xDE, 0xBF, 0xED, 0xAD, 0x7A, 0xEB, 0xC5, 0x37, 0xED, 0x53, 0x45, 0xCF, 0xD3, 0x20, 0xF3, 0xD9, 0xE8, 0xC4,
0x4F, 0xD2, 0x20, 0x1B, 0xB4, 0xFE, 0x7E, 0xF8, 0xB4, 0x77, 0xB7, 0xA5, 0x7D, 0x89, 0xFC, 0x69, 0x30, 0x68, 0xBD, 0x0F, 0x83,
0xB3, 0x59, 0x9C, 0x00, 0xC2, 0x80, 0x4B, 0x16, 0x44, 0x28, 0x39, 0x4F, 0x83, 0xA4, 0x97, 0x8E, 0xFC, 0x89, 0x3F, 0x9C, 0x04,
0x83, 0x28, 0x5E, 0x01, 0x0E, 0x84, 0x59, 0xE8, 0x4F, 0xF8, 0xCB, 0x60, 0xB0, 0xB6, 0xC2, 0xA6, 0xFE, 0x87, 0x70, 0x3A, 0x9F,
0x6A, 0x2F, 0x50, 0xC4, 0x78, 0x71, 0x16, 0x8E, 0xB3, 0x93, 0xC1, 0x38, 0x78, 0x1F, 0x8E, 0x82, 0x1E, 0x7F, 0x28, 0xF7, 0xED,
0xCF, 0x66, 0x93, 0xA0, 0x37, 0x8D, 0x87, 0x21, 0xFE, 0x9C, 0x05, 0xC3, 0x1E, 0x5E, 0xF4, 0x46, 0xFE, 0x8C, 0xFA, 0xD5, 0xC6,
0x73, 0x1E, 0xA4, 0x0D, 0xEB, 0xA6, 0x99, 0x9F, 0xCD, 0xD3, 0xDE, 0xD0, 0xC7, 0xF8, 0x09, 0x77, 0xB4, 0x46, 0xC6, 0xC1, 0x91,
0x3F, 0x9F, 0x64, 0x25, 0x1C, 0x13, 0xED, 0x64, 0xF1, 0x7C, 0x74, 0xC2, 0x51, 0x43, 0x61, 0xDA, 0x91, 0xFF, 0x9E, 0x1E, 0xBD,
0x59, 0x74, 0x5C, 0xAA, 0x53, 0x55, 0x8E, 0xD1, 0x8A, 0xE0, 0xF3, 0xD4, 0x3F, 0x0E, 0xFA, 0x45, 0xC5, 0x2C, 0xCC, 0x26, 0xC1,
0xEE, 0xE3, 0x60, 0xE6, 0x27, 0xD9, 0x3C, 0x09, 0x52, 0xF6, 0x28, 0xF6, 0x93, 0xF1, 0xFD, 0xBE, 0x78, 0xAF, 0x21, 0x09, 0xFF,
0xCD, 0x58, 0xA7, 0xD3, 0x65, 0x83, 0x5D, 0x76, 0x21, 0x9E, 0x18, 0xCD, 0x21, 0xCD, 0x58, 0x76, 0x12, 0x4C, 0x83, 0x7D, 0x3F,
0x1B, 0x9D, 0x04, 0x09, 0x1B, 0x00, 0xBE, 0xD1, 0x38, 0x3E, 0xF3, 0xA6, 0xF4, 0x62, 0x3F, 0x18, 0x87, 0x7E, 0xA7, 0xDD, 0x99,
0x61, 0x44, 0x41, 0x92, 0xF6, 0x46, 0xF1, 0x24, 0xA6, 0x15, 0xA4, 0x1A, 0xDB, 0x6C, 0xEC, 0x27, 0xA7, 0xDD, 0x76, 0x77, 0xC7,
0x6C, 0x8E, 0xE6, 0x7D, 0x7E, 0x48, 0x25, 0xD0, 0x98, 0xEC, 0x90, 0x8D, 0xE3, 0xD1, 0x7C, 0x0A, 0x70, 0x79, 0xEA, 0xC7, 0x93,
0x49, 0xC0, 0x9F, 0x81, 0x41, 0x0F, 0xB3, 0x2C, 0x09, 0x87, 0xF3, 0x2C, 0xE8, 0xB4, 0xC7, 0x7E, 0xE6, 0xF7, 0x86, 0x69, 0x8F,
0x0F, 0xA9, 0xBD, 0x62, 0x0C, 0x4D, 0x8C, 0x08, 0x93, 0x7C, 0xC0, 0xDA, 0xD4, 0x73, 0x9B, 0x6D, 0xB3, 0xF6, 0x24, 0x3C, 0x3E,
0xC9, 0x30, 0x04, 0x76, 0x99, 0x8F, 0xA2, 0xE8, 0xBF, 0x53, 0x0C, 0xCD, 0x68, 0xC8, 0x1F, 0x8F, 0x9F, 0xBC, 0x47, 0xE7, 0xCF,
0x41, 0xAD, 0x82, 0x28, 0x48, 0x3A, 0x6D, 0xE0, 0x72, 0x74, 0x4C, 0x1D, 0x16, 0x95, 0x55, 0xDD, 0xCB, 0xAE, 0x6C, 0x46, 0xDB,
0x02, 0xF7, 0xFB, 0x92, 0x54, 0xDE, 0xE7, 0xC8, 0xC0, 0xA1, 0xBB, 0x9D, 0x60, 0xFF, 0xB0, 0x8B, 0x1E, 0x0D, 0x7F, 0x18, 0x8F,
0xCF, 0x7B, 0x44, 0x1D, 0x7A, 0x69, 0xF8, 0x1B, 0x00, 0xB5, 0xEA, 0xDD, 0xBD, 0xB3, 0x99, 0x04, 0xD3, 0x9D, 0x4B, 0x2A, 0xE9,
0x0D, 0xB3, 0x48, 0x15, 0xCC, 0xA2, 0xFA, 0x72, 0xBD, 0x78, 0x9E, 0x01, 0x3D, 0x82, 0x5E, 0x1A, 0x00, 0xBA, 0x98, 0xF6, 0x39,
0xBB, 0xD0, 0x2A, 0xAC, 0x15, 0x85, 0x8F, 0xE2, 0x64, 0xDA, 0x23, 0xA4, 0x4C, 0xE2, 0xC9, 0x8A, 0x7C, 0x4C, 0x83, 0x49, 0x30,
0xCA, 0x8C, 0x1A, 0xEF, 0xFD, 0xA4, 0xE3, 0x18, 0x63, 0x57, 0xB5, 0x32, 0x89, 0xFD, 0x2C, 0x8C, 0x8E, 0xF1, 0x25, 0xCE, 0x80,
0x0E, 0x17, 0xB3, 0x38, 0xC5, 0x0E, 0x8D, 0xA3, 0xED, 0xA3, 0xF0, 0x43, 0x30, 0xDE, 0x19, 0xC6, 0x59, 0x16, 0x4F, 0xB7, 0x57,
0x77, 0x26, 0xC1, 0x51, 0x86, 0x3F, 0x7C, 0xFF, 0x6D, 0xAF, 0xAD, 0xAE, 0xFE, 0x69, 0x67, 0xE8, 0x8F, 0x4E, 0x8F, 0x93, 0x78,
0x1E, 0x8D, 0x05, 0x9A, 0x6C, 0x9B, 0x5D, 0x0D, 0x8F, 0xBB, 0x3B, 0xBF, 0xF5, 0x80, 0x5B, 0xC1, 0x07, 0x94, 0xDF, 0x58, 0xAD,
0xE8, 0xD0, 0x13, 0x7F, 0x51, 0x30, 0xA2, 0xEE, 0x45, 0xFB, 0xA0, 0x01, 0x9D, 0x7B, 0xAB, 0x7F, 0x5A, 0x61, 0x9B, 0xAB, 0xAB,
0xB3, 0x0F, 0xDD, 0x9D, 0xA9, 0x9F, 0x80, 0xC0, 0x6F, 0xAF, 0x32, 0x7F, 0x9E, 0xC5, 0x3B, 0x33, 0xAC, 0x27, 0x5A, 0x40, 0xAB,
0xB3, 0x0F, 0x18, 0x60, 0x32, 0x46, 0xF5, 0x2C, 0x9E, 0x6D, 0xAF, 0xCD, 0x3E, 0xB0, 0x34, 0x9E, 0x84, 0x63, 0x7D, 0xD2, 0xFC,
0x2B, 0x1F, 0x5F, 0x77, 0x27, 0x0B, 0x3E, 0x64, 0x3D, 0x1F, 0x28, 0x14, 0x6D, 0x8F, 0x80, 0x0E, 0x41, 0x22, 0xC7, 0x14, 0x46,
0x1C, 0xE4, 0x49, 0x7C, 0x86, 0x01, 0x9C, 0x84, 0x19, 0xA0, 0x3F, 0xF3, 0x47, 0xC1, 0x76, 0x14, 0x9F, 0x81, 0x3C, 0xCA, 0xDE,
0x79, 0x17, 0xBD, 0x4D, 0x74, 0x59, 0xAA, 0x04, 0xF2, 0x16, 0x4C, 0xD8, 0x05, 0x0E, 0xC3, 0xD9, 0xC4, 0x3F, 0xDF, 0x96, 0x5F,
0x86, 0x93, 0x78, 0x74, 0xAA, 0x2A, 0x27, 0x84, 0xB7, 0xDB, 0x77, 0x51, 0x9B, 0x2F, 0xC1, 0x59, 0xC0, 0x9F, 0x23, 0x2C, 0x9A,
0x3F, 0x29, 0x37, 0x68, 0x2F, 0x6E, 0xE9, 0x93, 0x5A, 0x68, 0x67, 0x97, 0x02, 0x86, 0x1C, 0x54, 0x1A, 0xAA, 0xF0, 0x41, 0x2A,
0x44, 0xC1, 0xB6, 0x18, 0x9D, 0xF6, 0xE4, 0xB8, 0xF5, 0x11, 0x01, 0xE0, 0xB2, 0xD2, 0x68, 0x9E, 0x62, 0xE5, 0x7B, 0x99, 0x3F,
0x4C, 0xD9, 0x45, 0xFC, 0x3E, 0x48, 0xB0, 0x72, 0x67, 0xDB, 0x27, 0xE1, 0x78, 0x1C, 0x44, 0x8E, 0x22, 0x5E, 0xE4, 0xBF, 0x97,
0x85, 0x25, 0xD0, 0x05, 0xEA, 0x08, 0xF2, 0x89, 0x99, 0x46, 0x41, 0x55, 0x2D, 0x4E, 0x0E, 0x2F, 0x2C, 0x1C, 0x3A, 0x4E, 0xFC,
0xF3, 0x1E, 0x46, 0xD3, 0x95, 0x2B, 0x2C, 0x5A, 0x28, 0xE1, 0xDC, 0xD7, 0xAB, 0x9B, 0x77, 0xEE, 0x8D, 0x6F, 0xE7, 0x38, 0x01,
0x08, 0xB3, 0xB5, 0xBB, 0xF9, 0x22, 0x39, 0xFB, 0xF2, 0xFC, 0x51, 0x16, 0xBE, 0x0F, 0x30, 0xD0, 0x4A, 0x0C, 0xCE, 0x77, 0x1F,
0x47, 0x63, 0x47, 0x5B, 0xF8, 0xB7, 0x27, 0x4F, 0x04, 0xEC, 0x99, 0xA2, 0xF3, 0x9D, 0xA6, 0x6D, 0x4A, 0x20, 0x25, 0xFE, 0x38,
0x9C, 0xA7, 0xC0, 0xEC, 0xB5, 0x4D, 0x1A, 0xF9, 0xA6, 0x7B, 0xE4, 0x7C, 0xCD, 0x12, 0x22, 0x59, 0xDB, 0xDB, 0x74, 0x44, 0x9D,
0x86, 0xD8, 0xC5, 0x40, 0x74, 0x6A, 0x60, 0x1E, 0x45, 0x74, 0xCA, 0xF5, 0x70, 0x92, 0x8F, 0x4E, 0xEB, 0xE6, 0x54, 0x40, 0x74,
0x51, 0x0F, 0xD3, 0xF8, 0x37, 0xF1, 0x7B, 0xE9, 0x46, 0xFF, 0x32, 0xA5, 0x03, 0x84, 0x75, 0x4E, 0x08, 0x61, 0xB6, 0x19, 0xAD,
0x59, 0x17, 0xA7, 0x01, 0xEB, 0xFF, 0x99, 0x85, 0x2F, 0x0F, 0x58, 0x9A, 0x85, 0xA3, 0xD3, 0x73, 0xC6, 0xBF, 0x32, 0x10, 0x18,
0xF6, 0xE7, 0xBE, 0x20, 0xBA, 0x5F, 0xD3, 0x11, 0x33, 0x9E, 0x4F, 0x82, 0x43, 0x7F, 0x58, 0x41, 0x07, 0xB7, 0x45, 0xAD, 0xF2,
0x58, 0x30, 0xC6, 0x08, 0xFB, 0x35, 0xC1, 0x52, 0x7C, 0x15, 0x4E, 0x89, 0x03, 0xF1, 0xA3, 0x6C, 0xC7, 0x26, 0x49, 0x68, 0x52,
0x50, 0x01, 0xAD, 0x8C, 0x4E, 0x1D, 0xCC, 0xA2, 0x06, 0xDD, 0xD0, 0x6A, 0x5C, 0x56, 0x0D, 0x77, 0x4C, 0xE0, 0x4A, 0x2A, 0xC7,
0x68, 0x36, 0x7E, 0x7C, 0x0D, 0x83, 0xB8, 0xA4, 0x53, 0x49, 0x9D, 0x46, 0xF7, 0x89, 0xE2, 0x32, 0xFE, 0x34, 0x68, 0x49, 0x6C,
0x94, 0xFB, 0x6F, 0x7B, 0x8B, 0xA8, 0xA4, 0xE4, 0x1F, 0xC6, 0xE1, 0x7B, 0x55, 0xCA, 0x24, 0xB4, 0xB5, 0x74, 0x76, 0x95, 0x6D,
0xE6, 0x4D, 0xA0, 0x11, 0x42, 0x15, 0x16, 0x8E, 0xC1, 0xB0, 0xE0, 0x07, 0x8E, 0x73, 0xA2, 0xE6, 0xA9, 0xFA, 0x4A, 0xDF, 0xC3,
0x60, 0x32, 0xC6, 0xFB, 0xFC, 0x0D, 0x71, 0x3C, 0xC1, 0x71, 0x10, 0x8D, 0xF3, 0x11, 0xAA, 0x33, 0x06, 0x3C, 0x90, 0x4F, 0x5B,
0xD1, 0x41, 0x99, 0x31, 0xB2, 0xDE, 0x89, 0xA0, 0x49, 0xB7, 0xA9, 0x7B, 0x35, 0x2B, 0xA2, 0xC2, 0x77, 0xB5, 0xE1, 0xC8, 0x0E,
0x68, 0x66, 0xA3, 0x89, 0x9F, 0xA6, 0xE0, 0xCF, 0x92, 0x78, 0x06, 0x86, 0x06, 0x7C, 0x95, 0xDD, 0x1D, 0x30, 0x3D, 0x9E, 0x80,
0xEF, 0xD8, 0xA1, 0x46, 0xA8, 0x51, 0x41, 0x95, 0x57, 0xAD, 0xC6, 0xD0, 0x1C, 0xB8, 0x93, 0x2C, 0x8E, 0x54, 0x8B, 0x74, 0x7E,
0xAB, 0x56, 0x31, 0x80, 0xE3, 0x63, 0xE2, 0x07, 0x05, 0x87, 0x26, 0x0A, 0xB6, 0x38, 0x3C, 0xC0, 0xDF, 0xCC, 0x1F, 0xC9, 0xE7,
0x9C, 0xB1, 0xE1, 0xA5, 0xF5, 0x41, 0xF9, 0x49, 0xE8, 0xF7, 0x82, 0x0F, 0x33, 0x1F, 0x27, 0x23, 0x01, 0xD1, 0x9F, 0xA4, 0x41,
0x6B, 0xF7, 0x9B, 0xAF, 0xEF, 0xDD, 0xB9, 0xB3, 0xB5, 0x73, 0xBF, 0x2F, 0x1A, 0xB4, 0xC7, 0x33, 0x9F, 0xD8, 0xB3, 0xEB, 0x51,
0x6F, 0xCC, 0x78, 0xEA, 0x01, 0xC4, 0xB2, 0x7D, 0x4E, 0xD9, 0x27, 0xC1, 0x78, 0x78, 0x6E, 0x0C, 0xCB, 0x6A, 0x96, 0xB3, 0xA2,
0xBB, 0xF7, 0xFD, 0x52, 0xDB, 0x38, 0x02, 0xA7, 0x8A, 0x2D, 0xFD, 0xBA, 0xC5, 0xE2, 0x68, 0x34, 0xC1, 0xC6, 0xC5, 0xAD, 0x03,
0x83, 0x9E, 0x04, 0x7B, 0x74, 0x78, 0xFC, 0x7D, 0x86, 0x29, 0x06, 0x69, 0xA7, 0xDB, 0xDA, 0xE5, 0xCF, 0x0C, 0xD8, 0xC0, 0xE4,
0xCB, 0xFB, 0x7D, 0x1F, 0x17, 0x08, 0x34, 0x7D, 0x85, 0xEE, 0xFA, 0xA7, 0xC1, 0x79, 0xEA, 0xE1, 0xAE, 0xDA, 0xDA, 0x7D, 0x32,
0x0E, 0x33, 0xF6, 0xF0, 0xD5, 0x33, 0xF6, 0x3D, 0x5E, 0x7D, 0x54, 0x9B, 0x20, 0x4A, 0x59, 0x92, 0xEA, 0xCD, 0xBE, 0x3E, 0x38,
0x60, 0x4F, 0x83, 0x60, 0xFC, 0x51, 0xED, 0x3A, 0x40, 0x83, 0x2B, 0x5E, 0xF2, 0x43, 0x78, 0x14, 0x72, 0xB8, 0xD0, 0x03, 0xFB,
0x21, 0x7C, 0x1A, 0xB2, 0x03, 0xB9, 0x4D, 0xAE, 0xB7, 0xB7, 0xD7, 0x01, 0xAE, 0x29, 0x49, 0x76, 0x70, 0x0E, 0xB6, 0x76, 0x4A,
0x3D, 0xCA, 0x17, 0x4C, 0xBC, 0xA9, 0xE8, 0xEC, 0x7E, 0x7F, 0x3E, 0x31, 0x37, 0x0F, 0xAE, 0xF1, 0xEF, 0xF5, 0xDD, 0xDA, 0x17,
0xDB, 0x15, 0xAF, 0xB4, 0x97, 0xDA, 0x0E, 0x9B, 0x0E, 0x7B, 0x1B, 0x12, 0xE5, 0xE3, 0x71, 0x70, 0xC0, 0x79, 0x91, 0x38, 0xB1,
0x76, 0xA4, 0x60, 0x2E, 0x64, 0x8D, 0x82, 0x03, 0x69, 0xED, 0xF2, 0x3B, 0x0B, 0xDB, 0x47, 0x4D, 0x74, 0x44, 0xAF, 0x2A, 0x77,
0x32, 0x11, 0x41, 0x22, 0xA3, 0x33, 0x76, 0xD6, 0x03, 0xCB, 0x09, 0x91, 0x42, 0x4C, 0x7B, 0x89, 0xBF, 0x2A, 0x6D, 0xD9, 0x30,
0x9A, 0xCD, 0x33, 0xB9, 0x2B, 0xE9, 0x54, 0x8D, 0x5B, 0x7A, 0x33, 0x9C, 0xE1, 0x69, 0xC9, 0x1B, 0xDF, 0x90, 0x46, 0x40, 0x43,
0x2F, 0x26, 0xF1, 0xF8, 0xF4, 0xB5, 0x1F, 0x4E, 0x5A, 0xE0, 0x1C, 0x27, 0x73, 0x94, 0xC0, 0xF4, 0x88, 0x04, 0xE2, 0x32, 0x8D,
0x3B, 0x5D, 0x86, 0x17, 0xF1, 0xD1, 0x51, 0xA9, 0x47, 0x63, 0x86, 0x44, 0x23, 0xDC, 0xFC, 0xFB, 0xB8, 0x77, 0x34, 0x09, 0x3E,
0x30, 0x4E, 0xDD, 0xF8, 0x82, 0xE2, 0x5A, 0xC5, 0x69, 0x1C, 0xFB, 0x05, 0x27, 0x70, 0x78, 0x74, 0xAE, 0x18, 0x09, 0xF9, 0xBA,
0x45, 0x5B, 0xC9, 0x18, 0xD5, 0xEE, 0xFD, 0x70, 0x7A, 0x2C, 0xEE, 0xFD, 0xFD, 0x30, 0xC1, 0x1B, 0x0F, 0x3C, 0xC0, 0x2C, 0x9F,
0xDF, 0x34, 0xE8, 0xAD, 0x63, 0xBC, 0x13, 0xDC, 0x4D, 0x5B, 0xBB, 0xEC, 0x30, 0x3E, 0x76, 0xC1, 0xF5, 0xA3, 0x21, 0x74, 0x00,
0x52, 0x96, 0xC3, 0x67, 0xEB, 0xCB, 0x80, 0x0F, 0x1F, 0xD3, 0x52, 0xD0, 0x39, 0x20, 0x8A, 0xFC, 0x49, 0xE0, 0xF3, 0x3C, 0xC8,
0x86, 0x7E, 0x14, 0xE4, 0x20, 0xBA, 0xFD, 0x65, 0x80, 0x48, 0x0D, 0xCB, 0x80, 0x52, 0x36, 0x1F, 0x06, 0x75, 0x50, 0x92, 0x95,
0x3E, 0x09, 0x9C, 0x1E, 0x9F, 0x3E, 0x82, 0x80, 0x4E, 0x41, 0x69, 0xF3, 0x4B, 0xD9, 0x68, 0x34, 0x28, 0x03, 0x46, 0xC3, 0x79,
0x5A, 0x07, 0x22, 0x94, 0xFF, 0x24, 0xE0, 0xD9, 0x0F, 0x70, 0xE7, 0xCB, 0xC1, 0x73, 0xE7, 0xCB, 0x00, 0x8F, 0x18, 0xD4, 0x52,
0x28, 0xC4, 0xAB, 0x38, 0x09, 0x7C, 0xE9, 0xB4, 0x11, 0xCF, 0x8B, 0x8E, 0x9A, 0xF1, 0xE9, 0x01, 0x8E, 0xD3, 0xD1, 0xC9, 0xA3,
0xF8, 0x43, 0xCE, 0xD9, 0xA9, 0xEB, 0x2F, 0xDD, 0x33, 0x1A, 0x1E, 0x3F, 0x62, 0x52, 0xE3, 0xD3, 0x17, 0x58, 0x80, 0xD6, 0xEE,
0x01, 0xC4, 0x7C, 0xE0, 0x0C, 0x9D, 0xE3, 0x14, 0xEB, 0x28, 0xBA, 0xE6, 0xA5, 0xE5, 0x9A, 0x12, 0xAF, 0xDA, 0x62, 0xE8, 0x77,
0x14, 0x9C, 0xC4, 0x13, 0x70, 0xE8, 0x83, 0xD6, 0x21, 0x3E, 0x90, 0xC8, 0x89, 0xA5, 0xA2, 0x3D, 0xBE, 0xBC, 0x2D, 0xA3, 0x77,
0x79, 0x99, 0x67, 0xB9, 0xA8, 0xB5, 0x65, 0xCC, 0xD9, 0x9A, 0x75, 0x86, 0x59, 0xD7, 0x2E, 0xB3, 0x7E, 0xA0, 0xBE, 0x8C, 0x26,
0x60, 0xFE, 0x4F, 0x20, 0x1C, 0xC0, 0x10, 0x52, 0x0C, 0x04, 0x44, 0x30, 0xE2, 0x1D, 0x55, 0xA1, 0xA8, 0xCE, 0x2D, 0x0B, 0xAC,
0xA0, 0x7F, 0x7A, 0x24, 0xED, 0xC8, 0x61, 0x7B, 0xEC, 0x43, 0xA2, 0xB2, 0x55, 0xE2, 0xB4, 0xED, 0xFA, 0x85, 0x38, 0x81, 0xF0,
0x83, 0x83, 0xAC, 0xF4, 0xA5, 0xC7, 0xDF, 0x2B, 0xF8, 0xF1, 0x57, 0x43, 0x5A, 0x45, 0x01, 0xDB, 0x57, 0x49, 0x3C, 0x9E, 0x8F,
0xB2, 0x67, 0x7B, 0x00, 0x18, 0x7D, 0x0A, 0xC6, 0xBB, 0x8E, 0xB9, 0x6A, 0x12, 0x8B, 0x7C, 0x0D, 0x8B, 0x9A, 0xBB, 0xCF, 0xF6,
0xD4, 0x54, 0x6D, 0xFC, 0xFA, 0xA4, 0x43, 0x7E, 0x7E, 0xF5, 0x31, 0x3F, 0x6F, 0xED, 0x3E, 0x3F, 0x8F, 0xB4, 0xD3, 0xE8, 0x33,
0x0E, 0xFC, 0x75, 0x70, 0xD5, 0x71, 0xA3, 0x26, 0xB8, 0xCC, 0x63, 0xE0, 0x38, 0x36, 0xFA, 0xEF, 0x32, 0x76, 0xF0, 0x37, 0x43,
0x3A, 0x40, 0xAE, 0x36, 0x7E, 0x59, 0x7B, 0x57, 0xFC, 0xFD, 0x1D, 0x86, 0x2F, 0xD8, 0xA8, 0xAB, 0x0D, 0x5E, 0xB0, 0x3B, 0x06,
0x0B, 0xE3, 0x1A, 0x79, 0xF9, 0x5D, 0x99, 0xC6, 0x3A, 0xE8, 0x8D, 0x1C, 0xE7, 0x9E, 0x3F, 0xC1, 0xC1, 0x71, 0x4C, 0x64, 0xB6,
0x29, 0x05, 0x52, 0xC3, 0x94, 0x55, 0x25, 0x51, 0x35, 0x08, 0x13, 0x91, 0xA4, 0x94, 0x11, 0xDD, 0x43, 0x01, 0x96, 0xC5, 0x67,
0x38, 0xF8, 0xEA, 0xA8, 0x93, 0x45, 0xE0, 0x89, 0x3C, 0xED, 0x70, 0x8A, 0xB4, 0x5A, 0x4D, 0x91, 0x64, 0x1D, 0x2A, 0xBB, 0xBD,
0xE6, 0x28, 0x64, 0xD1, 0x74, 0x6B, 0xB4, 0xD5, 0xD4, 0xFD, 0x40, 0x23, 0xEA, 0x0C, 0xB7, 0x5C, 0x5C, 0xEB, 0x20, 0x3D, 0x1C,
0x42, 0x95, 0x2A, 0x6E, 0xBD, 0x68, 0x47, 0x4E, 0xB0, 0x01, 0xC9, 0xB7, 0x06, 0x54, 0x8D, 0x78, 0xDA, 0x6C, 0x7A, 0xE9, 0x49,
0x02, 0xB9, 0xA5, 0x43, 0x50, 0xA1, 0x0B, 0x2B, 0x68, 0x56, 0x23, 0xBA, 0x72, 0x3E, 0x2E, 0x4D, 0x4D, 0x70, 0x1B, 0x15, 0x1F,
0x2D, 0xC6, 0x21, 0x67, 0x18, 0x2C, 0x11, 0x87, 0xB8, 0xCE, 0x56, 0x08, 0x28, 0xDC, 0x33, 0xA9, 0x46, 0xC4, 0x65, 0x0F, 0xFF,
0x89, 0x60, 0x48, 0xAF, 0x91, 0x03, 0x90, 0x2D, 0x0A, 0x36, 0x40, 0xF2, 0xBB, 0x0C, 0x1B, 0x6C, 0xB6, 0x80, 0x17, 0xD0, 0xEB,
0x35, 0x62, 0x08, 0xE2, 0x59, 0x53, 0x6E, 0xA0, 0x86, 0xF2, 0xF0, 0x2E, 0x76, 0x9F, 0x84, 0x19, 0xA9, 0xEC, 0xC6, 0x61, 0x82,
0x0B, 0x37, 0x61, 0x64, 0x7C, 0xC4, 0x7C, 0xD1, 0x05, 0xED, 0xB2, 0x94, 0xF7, 0x78, 0x34, 0x07, 0x3A, 0x82, 0x61, 0x1C, 0x82,
0xFB, 0x1B, 0x33, 0xCE, 0x61, 0x72, 0x2C, 0xCD, 0x4E, 0xFC, 0x4C, 0x94, 0xED, 0x40, 0x32, 0x78, 0x52, 0xB4, 0x92, 0x76, 0x59,
0x8F, 0xCD, 0x20, 0x56, 0x60, 0xD0, 0x7D, 0x80, 0xFA, 0x90, 0x04, 0x13, 0xD0, 0x14, 0xC3, 0xE7, 0x00, 0x47, 0x3F, 0xA4, 0x0D,
0xF4, 0xAE, 0xCE, 0xBA, 0x81, 0x5B, 0xBE, 0x56, 0xEE, 0x0D, 0xED, 0x89, 0x95, 0xC3, 0x8F, 0x26, 0xAB, 0x56, 0xD4, 0x68, 0xB0,
0x66, 0x38, 0x18, 0xAE, 0xB4, 0x6E, 0x4D, 0xC1, 0x81, 0xB6, 0x8F, 0xAF, 0x11, 0x1A, 0xD4, 0x9C, 0xE4, 0x66, 0xE9, 0x64, 0x60,
0xCD, 0x78, 0xDA, 0xBC, 0xD6, 0x92, 0x5C, 0xED, 0x0A, 0x0B, 0xBC, 0x63, 0x8F, 0x7D, 0xFF, 0xDF, 0xFF, 0x35, 0x0C, 0xA2, 0x13,
0xFF, 0x7D, 0xC4, 0xBE, 0xBB, 0x0E, 0xD4, 0x7E, 0xC8, 0x20, 0x0D, 0x0D, 0x47, 0x90, 0x1E, 0x8E, 0xC5, 0x1D, 0x5D, 0x60, 0xEE,
0x36, 0xE3, 0x97, 0x18, 0x6C, 0x3A, 0xBA, 0xA7, 0x0C, 0xFD, 0xF1, 0x71, 0x90, 0x72, 0x13, 0x01, 0x48, 0x71, 0x81, 0xE4, 0xF3,
0x28, 0x23, 0x31, 0x19, 0x5E, 0x89, 0x3A, 0x30, 0x37, 0x20, 0x2B, 0x81, 0x14, 0xF8, 0x8B, 0x93, 0xA7, 0x87, 0x67, 0xE8, 0x05,
0xD0, 0x26, 0x3B, 0x4A, 0xE2, 0x29, 0x7B, 0xFC, 0x3D, 0x09, 0x47, 0x98, 0x3F, 0x84, 0x90, 0x1E, 0x8A, 0x42, 0x76, 0x1E, 0xCF,
0xD9, 0xC8, 0x8F, 0xC4, 0x09, 0xC5, 0xF7, 0x04, 0x76, 0x08, 0x44, 0x6C, 0x01, 0xEB, 0xF0, 0x39, 0xCA, 0xF2, 0x62, 0xF3, 0x04,
0xDC, 0x7C, 0x25, 0x19, 0xC1, 0x7C, 0x45, 0x0C, 0x4D, 0xF5, 0xA9, 0x3E, 0xA7, 0xF2, 0x74, 0xF0, 0xB1, 0xB3, 0x68, 0xBB, 0x90,
0x66, 0x48, 0x02, 0xAE, 0x7B, 0xE5, 0x9D, 0x33, 0xA5, 0x5B, 0xD4, 0x35, 0xE2, 0x0A, 0x6F, 0x4F, 0x20, 0x0B, 0xBF, 0xA0, 0x35,
0x44, 0x96, 0xA2, 0xDA, 0xD5, 0xB0, 0xE5, 0xC5, 0x7F, 0xFF, 0x57, 0x92, 0x04, 0xD2, 0x38, 0xE4, 0x5A, 0x71, 0x65, 0x2F, 0x9E,
0x11, 0x1A, 0x42, 0x5C, 0x29, 0x6E, 0x9C, 0x0A, 0x6D, 0xB8, 0xF2, 0x85, 0xED, 0xAF, 0xF5, 0xF7, 0xD7, 0xFB, 0xFB, 0x1B, 0xFD,
0xFD, 0xDB, 0x1C, 0x91, 0x24, 0x06, 0x31, 0x48, 0x4F, 0x5D, 0x48, 0xC4, 0x97, 0x90, 0x83, 0x98, 0xF9, 0xA9, 0x5C, 0x5E, 0x81,
0x2D, 0x36, 0x2A, 0x11, 0x91, 0x3C, 0x67, 0x31, 0x27, 0xC7, 0x74, 0x41, 0x2E, 0xA1, 0x13, 0x44, 0xCC, 0xFE, 0x24, 0x86, 0xC4,
0x17, 0x4A, 0x3A, 0x6E, 0x8C, 0xD0, 0x14, 0x05, 0x04, 0xB5, 0x7A, 0x16, 0x41, 0x00, 0x10, 0x8E, 0x0F, 0xE3, 0xD3, 0x20, 0x72,
0xAE, 0x7A, 0x8D, 0xFE, 0x03, 0x66, 0x33, 0x09, 0xF5, 0x8E, 0x7F, 0xA5, 0x5A, 0xAA, 0xE6, 0xEA, 0x2F, 0x50, 0x4D, 0xC8, 0x55,
0x79, 0x95, 0x12, 0xD3, 0x97, 0xBE, 0x3F, 0x66, 0x1F, 0xA6, 0x93, 0x28, 0x15, 0x46, 0x47, 0xB0, 0x39, 0x3A, 0x3B, 0x3B, 0xF3,
0xCE, 0x36, 0xBC, 0x38, 0x39, 0xEE, 0xAF, 0xAF, 0xAE, 0xAE, 0xF6, 0x51, 0xA2, 0x25, 0xAD, 0x74, 0x5A, 0xEB, 0x10, 0x7B, 0x09,
0xB5, 0x8D, 0xF8, 0x7D, 0x14, 0x4E, 0x60, 0xE6, 0x32, 0x9A, 0x27, 0xB4, 0x1F, 0xF6, 0x48, 0x93, 0x55, 0x30, 0x1C, 0x21, 0x1B,
0x86, 0xD0, 0x84, 0xE0, 0x71, 0xCA, 0x31, 0x06, 0xDA, 0xC6, 0x10, 0xE3, 0x85, 0x2E, 0x93, 0x6A, 0x31, 0x8D, 0xF3, 0xE9, 0xAD,
0x32, 0x21, 0x5D, 0x20, 0x1B, 0x23, 0x6C, 0x84, 0x41, 0x6B, 0x95, 0x41, 0x65, 0xBA, 0x85, 0xFF, 0xA9, 0xC1, 0x43, 0x34, 0xA1,
0xEB, 0x3E, 0x06, 0xAD, 0x1F, 0xFC, 0x24, 0x22, 0xED, 0x95, 0x83, 0xE9, 0x9A, 0xF9, 0x74, 0xFE, 0x0D, 0x5A, 0xFB, 0x77, 0xBD,
0x7B, 0x77, 0xD7, 0xD9, 0x9A, 0xB7, 0xB9, 0xB5, 0xE5, 0xC3, 0xC6, 0x6B, 0x83, 0xF1, 0x7F, 0xA8, 0xED, 0xD5, 0xDE, 0x9A, 0x77,
0x6F, 0x8B, 0xAD, 0x3E, 0xF7, 0xD6, 0xB6, 0x36, 0xD9, 0xDA, 0x86, 0xB7, 0xBE, 0xB1, 0x31, 0xEA, 0x79, 0xB7, 0x37, 0xEF, 0x78,
0x77, 0xEE, 0xDC, 0xF5, 0x56, 0xEF, 0xAD, 0xA1, 0xEC, 0x9D, 0xAD, 0x3B, 0x68, 0x40, 0xFC, 0x38, 0x41, 0x99, 0x3B, 0x6B, 0x1B,
0x23, 0xEF, 0xEE, 0xDD, 0x7B, 0x34, 0x36, 0xEF, 0xF6, 0xC6, 0xDD, 0x9E, 0x77, 0xEF, 0x1E, 0x0A, 0xF4, 0x78, 0x81, 0xE7, 0x5A,
0x67, 0xBF, 0xED, 0xDF, 0x65, 0x9B, 0x23, 0x6F, 0x73, 0x63, 0x13, 0x45, 0xBD, 0x7B, 0x9B, 0xB7, 0xBD, 0xDB, 0x5B, 0xEB, 0x1E,
0xCA, 0xDE, 0xDB, 0x9C, 0xF4, 0x3C, 0xBC, 0xDD, 0xF0, 0x36, 0x57, 0xEF, 0xF8, 0xDE, 0xE6, 0xE6, 0x3A, 0xFD, 0x9F, 0x8F, 0x68,
0x0D, 0xCD, 0xAC, 0x61, 0x40, 0x30, 0x13, 0x63, 0x9B, 0x54, 0xF2, 0xA1, 0x77, 0x6F, 0x75, 0x93, 0xFE, 0x2F, 0x3E, 0x33, 0x34,
0xF9, 0xDB, 0xD4, 0x5B, 0x5D, 0x5D, 0x67, 0x98, 0x0C, 0x9E, 0xE9, 0x1D, 0xFD, 0xBB, 0x2E, 0xFF, 0xD2, 0xF3, 0x6A, 0x6F, 0xFD,
0xB7, 0x56, 0xBF, 0xC4, 0xA6, 0x61, 0x05, 0x1D, 0x4C, 0x78, 0x09, 0x70, 0x3F, 0x02, 0xC3, 0xA7, 0x90, 0x15, 0x31, 0x81, 0x3B,
0x3E, 0xE3, 0x48, 0xCA, 0x5E, 0x07, 0xBF, 0x60, 0x77, 0x80, 0x1D, 0xC6, 0x26, 0x24, 0x75, 0x0D, 0x34, 0x38, 0xE0, 0xF0, 0xD9,
0x9C, 0x44, 0x11, 0x27, 0x61, 0xCA, 0x37, 0x88, 0xC7, 0xF6, 0xFD, 0x08, 0xDB, 0x94, 0x76, 0x49, 0xA2, 0x4A, 0xA5, 0x0C, 0x2A,
0x0F, 0x5B, 0xED, 0x63, 0xA0, 0x31, 0xD7, 0xD7, 0xB7, 0x76, 0xB1, 0xCD, 0x02, 0xD2, 0x66, 0x78, 0x9F, 0x8A, 0xBF, 0x54, 0xFA,
0xDC, 0x87, 0x9C, 0x23, 0x12, 0xDA, 0xB2, 0xB4, 0x65, 0x6B, 0x54, 0xB9, 0x91, 0xC9, 0xA6, 0x5B, 0xF9, 0xB8, 0xD4, 0x85, 0x45,
0x67, 0xD9, 0xC1, 0x73, 0x3F, 0x1C, 0x63, 0xA7, 0x1F, 0xC8, 0x21, 0x24, 0x25, 0x8E, 0x7C, 0x96, 0xC0, 0x0E, 0xAC, 0xC4, 0x8F,
0x97, 0xAE, 0x3B, 0x68, 0x85, 0xC0, 0x9E, 0xB7, 0x53, 0xA5, 0x4B, 0x74, 0xF4, 0xBD, 0xE7, 0x83, 0x5E, 0xA6, 0x74, 0x4A, 0x7C,
0x54, 0xD7, 0xAA, 0x19, 0x67, 0xCF, 0xCB, 0x2D, 0x8D, 0x66, 0x9C, 0x60, 0x01, 0xBB, 0x50, 0x85, 0xC2, 0x9E, 0x83, 0x29, 0xAB,
0x93, 0x7C, 0x4C, 0x9A, 0xB1, 0xCE, 0xFA, 0xAA, 0x65, 0x6E, 0x33, 0xC4, 0x51, 0xB5, 0x23, 0x16, 0x3C, 0x9E, 0x65, 0x87, 0xBC,
0x9A, 0xA0, 0x1E, 0x68, 0x62, 0x02, 0xE3, 0xB0, 0xF2, 0x8D, 0x37, 0xD4, 0x3A, 0x93, 0xDA, 0x38, 0x51, 0x03, 0x16, 0x72, 0x29,
0xB6, 0x81, 0xBC, 0xE9, 0x96, 0x48, 0x8C, 0xA9, 0x40, 0xCE, 0xAD, 0x5C, 0x84, 0xE5, 0x49, 0x3E, 0x04, 0xE2, 0xBE, 0x69, 0xF8,
0x65, 0x7D, 0xB1, 0xF9, 0x12, 0x73, 0x22, 0xC3, 0xCB, 0xAF, 0x65, 0x15, 0x8C, 0xBC, 0x55, 0xBE, 0x07, 0x9A, 0x4B, 0x94, 0xCF,
0x4B, 0x52, 0x45, 0x79, 0xD4, 0xA6, 0x79, 0xBF, 0x87, 0xF9, 0x27, 0x61, 0x4C, 0x44, 0xCA, 0xE8, 0x2C, 0x99, 0x83, 0x33, 0x78,
0x29, 0x0A, 0x54, 0xE1, 0x8F, 0x43, 0xA3, 0x78, 0xCD, 0x60, 0x32, 0xF7, 0xE4, 0x32, 0x00, 0xD2, 0xEC, 0x32, 0x2C, 0x9C, 0x2D,
0xC3, 0xAB, 0x1A, 0x42, 0x46, 0x2B, 0x16, 0x88, 0xA4, 0xBE, 0x5E, 0xED, 0xB2, 0xDF, 0x1B, 0x48, 0xFE, 0xF8, 0xBD, 0x0F, 0x8E,
0x75, 0xBC, 0x0C, 0x90, 0x54, 0x9D, 0x8F, 0x03, 0x92, 0xD1, 0x8A, 0x1B, 0x48, 0x0F, 0x65, 0x91, 0xA6, 0x40, 0x92, 0x9A, 0xE9,
0x2A, 0xC6, 0x46, 0xB3, 0xB9, 0x72, 0x92, 0xE6, 0x75, 0x27, 0xA9, 0xB5, 0x1A, 0x98, 0xD1, 0x3D, 0xFF, 0xC8, 0x27, 0x96, 0x8D,
0xF8, 0x34, 0xC7, 0x86, 0xE4, 0x13, 0xCA, 0xE7, 0x4D, 0xE5, 0x27, 0x0E, 0xAB, 0x0A, 0x7D, 0xF7, 0xD6, 0x4A, 0x0E, 0xF9, 0x21,
0xE3, 0x12, 0xDB, 0xD4, 0x73, 0xEA, 0x43, 0x6E, 0x9B, 0x12, 0x05, 0x64, 0x59, 0xFE, 0x28, 0xFF, 0xED, 0x96, 0x98, 0x39, 0xD4,
0x4E, 0x60, 0xFB, 0x5A, 0xC4, 0xE2, 0x0E, 0x5A, 0x6B, 0x2D, 0xB2, 0xB1, 0x06, 0x37, 0xB6, 0xB9, 0x59, 0x68, 0xDD, 0x56, 0x4D,
0x3E, 0x5C, 0x96, 0xE7, 0x47, 0x82, 0xD6, 0xAF, 0xA3, 0x17, 0x37, 0x47, 0xFE, 0x3C, 0x3E, 0x0B, 0x12, 0x2E, 0xD8, 0xA3, 0xEB,
0x73, 0xDE, 0x02, 0x98, 0x42, 0xF0, 0x71, 0x27, 0xC1, 0x64, 0xC6, 0x80, 0xE2, 0x64, 0x81, 0x8B, 0xBB, 0x75, 0x02, 0x0E, 0x34,
0xF2, 0x2A, 0x04, 0x5F, 0x0E, 0x39, 0x65, 0x63, 0x78, 0x9E, 0x24, 0x79, 0x91, 0x73, 0x30, 0x8C, 0x31, 0x4C, 0x38, 0x71, 0x59,
0x83, 0xE1, 0xC0, 0xA2, 0x89, 0xCC, 0xCE, 0xDD, 0x2D, 0x3A, 0x15, 0x25, 0xB6, 0xAE, 0x6C, 0x18, 0x64, 0x67, 0x01, 0x18, 0x9F,
0x32, 0x6F, 0xED, 0x6E, 0xB2, 0x82, 0xB5, 0xAA, 0xC1, 0x0A, 0xDD, 0x56, 0x73, 0x2C, 0x4C, 0x3C, 0xD5, 0xCD, 0x1F, 0x18, 0xFC,
0x18, 0x77, 0x12, 0x90, 0x23, 0xA9, 0xFD, 0xA1, 0xCD, 0x8E, 0x5B, 0x28, 0x2E, 0x21, 0xA3, 0x04, 0xA3, 0xAA, 0x46, 0x97, 0x6A,
0xE1, 0x63, 0x9D, 0xEC, 0x9B, 0x09, 0xE3, 0xD3, 0xB3, 0x10, 0x76, 0xD5, 0x74, 0x75, 0x58, 0x6D, 0x55, 0x4F, 0xE4, 0x0A, 0x42,
0xF2, 0x7C, 0x3E, 0x72, 0xFB, 0x89, 0x8E, 0x5A, 0x4B, 0x0F, 0xBF, 0xEA, 0x4B, 0x15, 0x7A, 0xFD, 0x5B, 0x22, 0x4F, 0xC0, 0xCD,
0x46, 0x7F, 0x08, 0x7C, 0xBA, 0xC4, 0x4A, 0x0C, 0x92, 0xF7, 0x34, 0x76, 0x26, 0xDE, 0x32, 0x3F, 0x17, 0x61, 0xF4, 0x95, 0x50,
0xEC, 0x86, 0xA1, 0x94, 0x39, 0xCB, 0xCF, 0x8F, 0x57, 0xEA, 0x4A, 0x8F, 0xE3, 0x82, 0x20, 0x7C, 0x20, 0x04, 0x54, 0xFB, 0xE9,
0x71, 0xDA, 0x40, 0x98, 0x73, 0x35, 0xEC, 0x2C, 0xE1, 0xE7, 0x7A, 0xAB, 0xC1, 0x8A, 0x5C, 0x1B, 0x86, 0x2E, 0xC0, 0xD1, 0x2B,
0x90, 0x38, 0x1D, 0x68, 0x02, 0x4F, 0x95, 0x88, 0x69, 0x8A, 0x43, 0x06, 0x97, 0xCA, 0xB4, 0x1E, 0x29, 0xED, 0xA9, 0xA6, 0x53,
0xAE, 0xB1, 0x21, 0x93, 0x53, 0xEE, 0xA9, 0x50, 0x68, 0x3C, 0x76, 0x1F, 0x8B, 0xB5, 0x48, 0xF3, 0x1E, 0xBE, 0xF1, 0xA7, 0xB3,
0x1D, 0x25, 0x57, 0x64, 0xC2, 0x2B, 0x48, 0xEB, 0xB6, 0x76, 0x37, 0xD6, 0x7F, 0xFD, 0xD8, 0xDD, 0x70, 0x75, 0x12, 0x6B, 0x20,
0x61, 0x93, 0x1D, 0xB1, 0x60, 0x5F, 0x7F, 0xC2, 0xFD, 0xF2, 0x0A, 0xF6, 0xC1, 0x34, 0xB1, 0xCF, 0xB7, 0x59, 0x36, 0x6E, 0xF8,
0x66, 0xC9, 0x21, 0x26, 0x76, 0xCA, 0x4C, 0x3E, 0xB2, 0x68, 0x3E, 0x1D, 0x42, 0x87, 0xC3, 0x3A, 0x21, 0x74, 0x46, 0xEF, 0x61,
0x25, 0x47, 0x74, 0xB1, 0xBB, 0x68, 0xE3, 0x7C, 0xB1, 0x38, 0x5C, 0x20, 0xC6, 0x97, 0x8D, 0xC0, 0x2F, 0x13, 0x5C, 0x4F, 0x70,
0x1B, 0xFA, 0x83, 0xDA, 0x37, 0x45, 0xE0, 0x1C, 0x62, 0x92, 0xD4, 0x4B, 0xD2, 0x1B, 0x8B, 0xD7, 0x0A, 0x8F, 0xAF, 0x9F, 0xE2,
0xAF, 0x47, 0x50, 0xE9, 0x6C, 0x90, 0x5E, 0xE7, 0x36, 0xA4, 0xC3, 0x41, 0x36, 0xF2, 0x58, 0x84, 0x0A, 0x24, 0xD7, 0x52, 0x63,
0xC8, 0xC2, 0x69, 0x70, 0x43, 0x69, 0x7E, 0x81, 0x87, 0x5F, 0xF6, 0x7E, 0x39, 0x84, 0x59, 0xE1, 0xF3, 0x78, 0x24, 0x4D, 0x13,
0xFE, 0xD8, 0x33, 0xCD, 0xF6, 0x8C, 0x01, 0x35, 0x73, 0xDF, 0x28, 0x96, 0x7E, 0x22, 0x3F, 0x5F, 0xFF, 0xC6, 0xA1, 0x6B, 0xA7,
0xF0, 0xC0, 0x27, 0x7B, 0x04, 0x7A, 0x92, 0x52, 0x63, 0x65, 0x46, 0xAC, 0xC6, 0x72, 0x43, 0xB7, 0x8E, 0x89, 0x92, 0x5F, 0xF6,
0xF6, 0x79, 0x0A, 0xE3, 0x0F, 0x69, 0xDF, 0xF3, 0x07, 0xCB, 0x54, 0xB5, 0x7B, 0x74, 0x67, 0x59, 0x6D, 0x13, 0xE9, 0xB0, 0xDB,
0xFD, 0xC1, 0x87, 0x06, 0x97, 0x54, 0xFB, 0xF2, 0x0D, 0x5D, 0x85, 0x49, 0x43, 0x40, 0xC7, 0x81, 0xB2, 0xC6, 0x6E, 0xB0, 0x95,
0x42, 0x53, 0xD9, 0x19, 0x46, 0x47, 0x71, 0x6F, 0x14, 0x26, 0xB0, 0xC4, 0x62, 0x98, 0xE8, 0x9A, 0x43, 0x62, 0x1B, 0xC7, 0x93,
0x2C, 0x9C, 0x15, 0x1F, 0xB8, 0x8E, 0x7D, 0xCA, 0x03, 0x0F, 0x70, 0xB9, 0x5A, 0xAB, 0xBA, 0x37, 0xA8, 0x00, 0x28, 0x0E, 0x00,
0xA9, 0x3E, 0xC3, 0x2C, 0xCD, 0x0D, 0x13, 0xB4, 0x19, 0x28, 0xA2, 0x60, 0xCF, 0x84, 0xC4, 0x45, 0xB1, 0x28, 0x35, 0x0C, 0x50,
0x2F, 0x60, 0xDC, 0x41, 0x5E, 0x49, 0xF4, 0xD4, 0x7E, 0xCE, 0xCF, 0xE2, 0x48, 0x08, 0xFA, 0x48, 0xD5, 0xEE, 0xB1, 0x27, 0xFC,
0x8A, 0x2D, 0x54, 0x7D, 0xD4, 0x27, 0x24, 0x05, 0xE7, 0xEA, 0xFE, 0x94, 0x32, 0xB0, 0x9B, 0xA4, 0x18, 0x3F, 0x83, 0xE3, 0xA2,
0x38, 0x4A, 0x03, 0xCD, 0x4A, 0xC9, 0x82, 0x2D, 0x37, 0xA6, 0x53, 0xBD, 0x78, 0xB5, 0x33, 0x95, 0xB8, 0x0D, 0xEA, 0x86, 0xE8,
0x1F, 0xDB, 0xB3, 0x98, 0x1B, 0x67, 0xEC, 0x50, 0xDC, 0x8A, 0xF0, 0xE6, 0x51, 0x18, 0x63, 0xD7, 0x7E, 0xF9, 0x04, 0xE6, 0xF3,
0x4A, 0x2F, 0xFE, 0x85, 0xA8, 0x8B, 0x90, 0x60, 0xE4, 0xA4, 0x65, 0x5F, 0x8A, 0x11, 0xC8, 0x6A, 0x88, 0xFC, 0x11, 0x6F, 0x1E,
0x69, 0x51, 0xCC, 0x85, 0x22, 0x0C, 0x52, 0x30, 0xA2, 0x26, 0x44, 0x16, 0x3D, 0xDC, 0xEC, 0xE6, 0x08, 0x9E, 0x96, 0xD7, 0x46,
0x6F, 0xFE, 0x9E, 0x06, 0xA0, 0x1E, 0x0E, 0x52, 0x83, 0x2D, 0x73, 0x02, 0xF3, 0x9C, 0x00, 0x31, 0x74, 0xA2, 0x0C, 0xF6, 0x5F,
0x79, 0x9B, 0xCA, 0x2C, 0xEC, 0xDF, 0x8C, 0xA4, 0xDC, 0x04, 0x01, 0xCF, 0x1E, 0x6D, 0x93, 0x17, 0xB1, 0x14, 0x49, 0xFD, 0x41,
0x56, 0x96, 0x25, 0x2B, 0x36, 0xFC, 0x76, 0x69, 0xE1, 0xA5, 0xF6, 0x07, 0xAD, 0xE1, 0x23, 0x9D, 0xC0, 0x51, 0x2C, 0x9D, 0x82,
0xD4, 0x4E, 0xF8, 0x62, 0xE9, 0x8B, 0x71, 0xAB, 0x38, 0xD2, 0xE6, 0xF2, 0x02, 0x30, 0x8F, 0x93, 0x53, 0x76, 0x00, 0xC7, 0xB6,
0x93, 0x27, 0x7E, 0x9A, 0x49, 0x43, 0x3D, 0x25, 0xA8, 0xD5, 0xE7, 0x9A, 0x9B, 0x81, 0x22, 0x28, 0x44, 0x21, 0xEC, 0x22, 0x36,
0x43, 0xD8, 0x34, 0x0B, 0x35, 0xB5, 0xAA, 0xEA, 0x31, 0x09, 0x3D, 0x6E, 0x16, 0x48, 0x74, 0x4B, 0xC9, 0x77, 0x45, 0xFD, 0x09,
0x6C, 0xFB, 0x08, 0xD4, 0x11, 0xB5, 0xAE, 0x2A, 0xFF, 0x1B, 0x91, 0x92, 0xD2, 0x16, 0xFD, 0xC2, 0x28, 0xCA, 0xBF, 0xAB, 0xEA,
0xEE, 0x69, 0x98, 0x4C, 0xE1, 0x46, 0x43, 0x76, 0x16, 0x70, 0x11, 0x25, 0x13, 0xCA, 0x11, 0xCC, 0x2D, 0xC5, 0x3B, 0x36, 0x17,
0x91, 0x18, 0x80, 0xF3, 0xD5, 0x08, 0xC1, 0x63, 0x05, 0xCC, 0x6F, 0xA6, 0x46, 0x2F, 0x9F, 0xFC, 0xCD, 0x52, 0x15, 0xAF, 0xFF,
0x0B, 0xE0, 0xDB, 0x63, 0xD0, 0x53, 0x92, 0xFF, 0xD0, 0x1F, 0x96, 0xAF, 0x78, 0x8E, 0x7A, 0xD5, 0xF8, 0x36, 0x57, 0xD1, 0x41,
0x16, 0xE8, 0x1C, 0x9A, 0xC9, 0x9F, 0x9E, 0x21, 0xF6, 0x1C, 0x7D, 0xCC, 0x31, 0x5D, 0x98, 0x7C, 0x4F, 0xC3, 0x71, 0x44, 0x87,
0x0D, 0x11, 0xEB, 0x19, 0x99, 0xA5, 0x80, 0xD0, 0x93, 0xD4, 0xEB, 0x2A, 0xC4, 0xE8, 0x8B, 0xC0, 0x70, 0x01, 0xEE, 0x3F, 0x2C,
0x22, 0x3E, 0x17, 0x9A, 0x1F, 0x4C, 0x82, 0x00, 0xD1, 0x45, 0x5E, 0xC2, 0xC2, 0x5F, 0x20, 0x52, 0x4A, 0x2F, 0x84, 0x95, 0x7F,
0x47, 0x30, 0x23, 0x29, 0xFC, 0xFF, 0x92, 0xEE, 0x8D, 0xA4, 0x9B, 0x62, 0x76, 0xBF, 0x9F, 0x1D, 0x04, 0x07, 0xE6, 0x21, 0xF4,
0x28, 0x2A, 0x6A, 0xCC, 0x52, 0x2C, 0xFF, 0x15, 0x3C, 0x43, 0x97, 0xF2, 0x0F, 0x6D, 0xE6, 0x6F, 0x45, 0x53, 0x38, 0xA0, 0xB3,
0x13, 0xA2, 0x76, 0x8E, 0x1B, 0x22, 0xE8, 0xCE, 0x09, 0x2C, 0xDB, 0x17, 0xD2, 0x36, 0x19, 0xB8, 0x2F, 0x07, 0x85, 0x68, 0xC7,
0xE8, 0x4B, 0x14, 0xA9, 0x63, 0xAC, 0x44, 0x89, 0xAB, 0x22, 0xDE, 0x75, 0x82, 0xE1, 0x09, 0x22, 0x4E, 0x49, 0x20, 0x50, 0x7C,
0xAF, 0x2B, 0x81, 0x80, 0xDA, 0xF8, 0x3C, 0x00, 0xA8, 0xF9, 0xA2, 0x51, 0xBB, 0xE1, 0xBF, 0x97, 0xD1, 0x00, 0x85, 0x56, 0x95,
0x34, 0xEF, 0x40, 0xD0, 0x1E, 0x78, 0x7B, 0x32, 0xB9, 0xBD, 0xD8, 0x78, 0xCE, 0xED, 0x3A, 0x0B, 0x1A, 0x78, 0x23, 0x2D, 0x06,
0x8A, 0x39, 0xFE, 0x2E, 0x97, 0x17, 0x4B, 0xEC, 0x41, 0x03, 0x81, 0x10, 0xEB, 0x51, 0x78, 0xCC, 0xAF, 0x56, 0x95, 0xB8, 0xB3,
0xA4, 0x80, 0xA3, 0x39, 0x56, 0x7E, 0x32, 0xBC, 0x5C, 0x88, 0x99, 0x57, 0x14, 0x74, 0x94, 0x20, 0x56, 0x96, 0x72, 0x2C, 0x8D,
0xA8, 0x37, 0x57, 0xC8, 0x51, 0x9A, 0x2A, 0x1C, 0x2C, 0x11, 0x43, 0x77, 0x1B, 0x1E, 0x57, 0x42, 0x82, 0x0A, 0x45, 0x8C, 0x30,
0x4F, 0x17, 0x06, 0xD8, 0x43, 0x28, 0x7C, 0xC8, 0x1A, 0x3B, 0x80, 0x5B, 0xAA, 0x88, 0x7C, 0x0A, 0x49, 0x88, 0x34, 0xC8, 0xE6,
0x0D, 0x89, 0xCE, 0xC9, 0x34, 0xFB, 0xFA, 0xC5, 0x1A, 0x8B, 0x28, 0xC2, 0xB5, 0xD0, 0x84, 0x2B, 0x0A, 0x37, 0x6C, 0xB4, 0x6A,
0x48, 0x1C, 0x16, 0x12, 0xB9, 0x4F, 0x22, 0xF9, 0xA8, 0x27, 0x0F, 0x6B, 0x16, 0x79, 0x58, 0x26, 0x3C, 0x43, 0x43, 0x87, 0x09,
0xD3, 0x2B, 0xA7, 0x99, 0x97, 0x84, 0xE1, 0xC3, 0x73, 0x55, 0xC3, 0xFE, 0xDF, 0xF1, 0x0A, 0xDD, 0xE8, 0x20, 0x65, 0x47, 0x67,
0x3D, 0x72, 0x2D, 0x33, 0xAF, 0x11, 0xB9, 0x3B, 0xDF, 0xAE, 0x54, 0x90, 0xA6, 0x85, 0x63, 0x5E, 0xED, 0xC5, 0xE1, 0x77, 0xBC,
0x1C, 0x14, 0x2E, 0x88, 0x9F, 0xFD, 0x82, 0x50, 0x19, 0xDD, 0x2A, 0x1F, 0x14, 0xA3, 0xF0, 0xED, 0xAC, 0xB3, 0x2F, 0x12, 0x06,
0xB0, 0x4D, 0xF2, 0x42, 0x4D, 0xC2, 0x20, 0xAD, 0xB9, 0x88, 0x15, 0xD7, 0x0E, 0xD5, 0x08, 0xB5, 0xB1, 0x07, 0x7C, 0x80, 0x30,
0x5C, 0xF3, 0xB4, 0x24, 0xED, 0xB3, 0x8C, 0x34, 0x29, 0xB0, 0x70, 0xC1, 0x4D, 0x66, 0x31, 0x36, 0x6A, 0x9B, 0x33, 0x23, 0xEF,
0x65, 0xB4, 0xBA, 0x14, 0x53, 0xF9, 0x25, 0xA0, 0x70, 0xEE, 0x15, 0xAA, 0x30, 0x78, 0x94, 0xFB, 0x77, 0x7E, 0xA1, 0x08, 0x5C,
0xF8, 0xB1, 0x7E, 0x39, 0xF8, 0xAB, 0xC6, 0xF4, 0x31, 0xE8, 0xAB, 0x00, 0xBF, 0x08, 0x7B, 0x5B, 0xBB, 0xF5, 0x7E, 0x55, 0x0B,
0xDF, 0xD5, 0xD3, 0x7E, 0xC3, 0xE5, 0x6F, 0x21, 0xED, 0x37, 0x5C, 0x13, 0x17, 0xBB, 0xC8, 0x59, 0x0E, 0xBC, 0x79, 0xE2, 0x81,
0xD6, 0xC7, 0x6C, 0xC3, 0x2F, 0xDC, 0x7F, 0x4B, 0x08, 0xE0, 0x29, 0x14, 0x2E, 0x0F, 0x45, 0x48, 0x0F, 0xCD, 0x2E, 0x59, 0xCD,
0x44, 0xA4, 0x3F, 0x50, 0x3C, 0x1F, 0x21, 0xB9, 0xCA, 0xF5, 0xE7, 0x8C, 0xA7, 0x7D, 0xA1, 0x60, 0x26, 0x31, 0xF3, 0x8F, 0x84,
0x1B, 0x7F, 0x22, 0xC3, 0x06, 0x43, 0x8A, 0xCB, 0x45, 0xA6, 0x30, 0x16, 0x04, 0xBB, 0xD8, 0x63, 0x94, 0xBC, 0x01, 0xE1, 0x35,
0xC6, 0xA4, 0xE2, 0x97, 0xA6, 0x7D, 0xAD, 0x22, 0x7A, 0x6F, 0x8B, 0x07, 0x0D, 0xA2, 0x06, 0x28, 0x44, 0xC6, 0x8A, 0x88, 0x1E,
0x24, 0x22, 0xAF, 0x88, 0xF4, 0x1A, 0xD0, 0xC8, 0x23, 0xE6, 0x50, 0x3B, 0xE5, 0xDA, 0x33, 0x62, 0x34, 0x39, 0x83, 0x0C, 0x05,
0xDD, 0xD9, 0x95, 0xC5, 0xB1, 0xBA, 0xEC, 0x40, 0x03, 0x9E, 0x43, 0x7C, 0x80, 0x90, 0xC1, 0x14, 0x39, 0xB3, 0x86, 0xCA, 0x48,
0x16, 0x39, 0x8F, 0xF8, 0xBB, 0xCB, 0x23, 0xE7, 0x8A, 0xB7, 0x4D, 0x6B, 0x6D, 0xE5, 0xE1, 0xD8, 0x96, 0xAB, 0x77, 0x3B, 0x8F,
0x39, 0xB5, 0x6C, 0xCD, 0x4D, 0x1E, 0xF3, 0x68, 0xD9, 0x5A, 0x77, 0x64, 0xBC, 0x97, 0x05, 0xF5, 0x6A, 0x25, 0x2B, 0x1F, 0xC7,
0xA0, 0xAE, 0x2E, 0x60, 0x50, 0x6F, 0xF0, 0x96, 0x76, 0xDC, 0x58, 0x29, 0xBC, 0x00, 0x25, 0x02, 0xCA, 0x8F, 0x4E, 0x9E, 0x16,
0x08, 0xDA, 0xE3, 0x08, 0x37, 0xA7, 0x85, 0xBB, 0xFB, 0xB3, 0xDE, 0x4A, 0xE5, 0x9D, 0xF4, 0x21, 0xCB, 0x7C, 0x48, 0x32, 0xF9,
0x81, 0x89, 0x9D, 0xAB, 0x60, 0x08, 0x98, 0x1E, 0x85, 0xC7, 0x73, 0xD2, 0xA2, 0x10, 0x1D, 0x81, 0xFF, 0x08, 0x88, 0xC4, 0x99,
0x7F, 0x8A, 0x5F, 0x3C, 0x10, 0x4E, 0x71, 0x09, 0xED, 0x7A, 0xEC, 0x99, 0xA0, 0x11, 0xEA, 0xB4, 0x22, 0x7A, 0x92, 0x33, 0x5E,
0x82, 0x0C, 0xE1, 0x66, 0x2A, 0x3C, 0xAE, 0x91, 0x79, 0xC7, 0xEC, 0x10, 0xE4, 0x88, 0xEA, 0x72, 0x93, 0x7B, 0x65, 0xAB, 0xCC,
0xC2, 0x29, 0xCF, 0x27, 0x91, 0x05, 0x93, 0xF3, 0xBA, 0x9B, 0xE9, 0x95, 0xD4, 0xED, 0xCD, 0x48, 0xE8, 0x6B, 0x58, 0x13, 0x85,
0x09, 0x0F, 0x19, 0x04, 0x72, 0xC8, 0x35, 0x4E, 0x00, 0xC5, 0xE1, 0xE1, 0xAB, 0xF5, 0xF5, 0x0D, 0xB9, 0x9C, 0x8C, 0x1B, 0x22,
0x91, 0x7F, 0xFB, 0x8D, 0xD2, 0x32, 0xE5, 0x28, 0xFA, 0xFB, 0x3A, 0x45, 0x66, 0xFE, 0xF9, 0x43, 0xC2, 0xA7, 0x96, 0x93, 0x19,
0xA8, 0x09, 0x79, 0xE4, 0x26, 0x33, 0x57, 0xE2, 0xB2, 0x3F, 0x8A, 0x9B, 0x16, 0x6F, 0xF8, 0xFA, 0x88, 0xBD, 0x8F, 0x7F, 0x46,
0xC1, 0x0F, 0x98, 0x12, 0xA9, 0x39, 0xC8, 0xDC, 0xEF, 0x34, 0xD0, 0xF7, 0xCA, 0xF0, 0x5C, 0x12, 0x03, 0x94, 0xDB, 0x5E, 0xC0,
0x49, 0x6B, 0xC7, 0x9D, 0xD9, 0xAA, 0xEB, 0xC0, 0xC3, 0xE0, 0xE9, 0xC4, 0x5B, 0xF6, 0xE0, 0xDB, 0x02, 0x9C, 0xD6, 0x64, 0x34,
0xAC, 0x65, 0x8F, 0x95, 0x0D, 0x04, 0xE5, 0xDF, 0xDD, 0x94, 0x95, 0x97, 0x3E, 0x94, 0xB6, 0xA8, 0xF6, 0xDA, 0xEA, 0x55, 0xAB,
0xDF, 0xE3, 0xD5, 0xAF, 0xDC, 0xFB, 0xDA, 0x5D, 0xAA, 0xBF, 0xD1, 0xB4, 0xFB, 0xEB, 0x3D, 0x1A, 0xB5, 0x1D, 0xF0, 0x1C, 0x51,
0xC2, 0x5E, 0x81, 0xC2, 0xA4, 0x52, 0x06, 0xF5, 0x87, 0xCF, 0xCB, 0x62, 0xC6, 0x79, 0x62, 0xC2, 0x6C, 0x97, 0x60, 0x48, 0x12,
0x4D, 0x70, 0xAD, 0x63, 0x25, 0x5B, 0x3D, 0xB2, 0x45, 0xC4, 0xD7, 0xE6, 0xF9, 0x02, 0xBB, 0x45, 0x30, 0xCB, 0x74, 0x7A, 0x61,
0xB7, 0x9D, 0xF0, 0x00, 0x6F, 0xEA, 0x2F, 0x9D, 0x7E, 0xFC, 0x3E, 0xED, 0x1F, 0xE3, 0x8E, 0x76, 0x03, 0x1D, 0x5E, 0x2C, 0xC8,
0xFE, 0x61, 0xEB, 0xF5, 0x7B, 0xDF, 0x11, 0x41, 0x21, 0x9E, 0x4E, 0xC0, 0xDA, 0xED, 0xD2, 0xBF, 0x22, 0xC4, 0x87, 0x54, 0xCD,
0x81, 0x80, 0x7D, 0x33, 0x0E, 0x8E, 0x77, 0x6E, 0x98, 0x1D, 0x82, 0x9A, 0xD0, 0x1F, 0x16, 0x2D, 0x9F, 0x05, 0x79, 0xBE, 0x8B,
0x29, 0xAC, 0x19, 0xF2, 0x0F, 0x31, 0x11, 0x52, 0x0D, 0x3A, 0xFA, 0x34, 0xE3, 0x91, 0xAC, 0xB9, 0x01, 0xBD, 0xC8, 0x1F, 0x7A,
0xD3, 0x10, 0x88, 0x4F, 0xEA, 0xF7, 0xE1, 0x5B, 0x0B, 0x2E, 0x75, 0x5D, 0x0C, 0x47, 0x80, 0x95, 0x46, 0x34, 0xAC, 0x88, 0xD0,
0x5A, 0xC5, 0xB8, 0x16, 0xF1, 0x55, 0x8B, 0x36, 0xCC, 0x00, 0xAB, 0x08, 0xDC, 0x34, 0x09, 0xA2, 0x63, 0x0A, 0xAC, 0xB9, 0xB1,
0x5E, 0x71, 0x01, 0x32, 0x82, 0xB0, 0x3E, 0xE1, 0x81, 0x19, 0x89, 0x4A, 0xE4, 0xCB, 0xEC, 0x08, 0x58, 0xCE, 0xA9, 0x88, 0xCC,
0x62, 0xEB, 0x8A, 0xC7, 0xBA, 0x18, 0xD7, 0xF5, 0xA0, 0xD4, 0x79, 0x97, 0x51, 0x70, 0x66, 0x62, 0x17, 0xD7, 0x44, 0x0A, 0xA9,
0x53, 0x47, 0x84, 0xF0, 0x45, 0x90, 0x55, 0xE9, 0xC0, 0xBD, 0xC2, 0x4E, 0xCE, 0x67, 0x27, 0xB8, 0x40, 0x71, 0x89, 0x51, 0xD7,
0xFB, 0xC3, 0x10, 0xB3, 0xD9, 0x7E, 0x3E, 0xFC, 0xC9, 0xD8, 0xCD, 0x1D, 0x20, 0x58, 0xEF, 0xB1, 0x1F, 0x85, 0xE9, 0x49, 0x97,
0xFB, 0xA7, 0xB3, 0xDF, 0xE2, 0xE8, 0xBA, 0xE4, 0x87, 0x2F, 0x75, 0x59, 0x1E, 0xAD, 0x70, 0xDE, 0x81, 0x12, 0x07, 0x4A, 0x85,
0xB4, 0x40, 0xF6, 0x1B, 0x77, 0xFD, 0xFD, 0xE9, 0xCB, 0xA2, 0x21, 0x87, 0x3F, 0x7D, 0x2C, 0x05, 0xA1, 0x19, 0x55, 0xD0, 0x0F,
0x04, 0xE3, 0x5D, 0x8A, 0x7E, 0xBC, 0x7A, 0x79, 0xF0, 0xEC, 0x7F, 0x69, 0x0B, 0x8E, 0x4C, 0xE1, 0x24, 0xC2, 0x75, 0x50, 0x93,
0xC7, 0x41, 0x04, 0x99, 0xFD, 0xE9, 0x75, 0x52, 0x92, 0xE0, 0x03, 0xA4, 0x44, 0xF6, 0x10, 0x3C, 0x76, 0x08, 0x96, 0xFB, 0xBE,
0x5F, 0x85, 0x05, 0x66, 0x5E, 0xF7, 0x63, 0x38, 0x83, 0xCD, 0x87, 0x3C, 0x1D, 0xFA, 0x34, 0x3C, 0x85, 0xCF, 0x59, 0x72, 0x1A,
0x20, 0x28, 0x61, 0xD4, 0x1F, 0xAB, 0xEC, 0xD9, 0x3D, 0x4E, 0x99, 0x28, 0x44, 0x32, 0x36, 0x4F, 0xFF, 0x6B, 0x15, 0x71, 0x14,
0xDD, 0xF5, 0xA8, 0x3B, 0x18, 0x26, 0xAA, 0x88, 0x89, 0xFF, 0xC9, 0x27, 0x5B, 0x84, 0xA1, 0xA5, 0x69, 0xBB, 0x47, 0x41, 0xB1,
0xEE, 0xBC, 0x8F, 0x93, 0x88, 0xC0, 0xD3, 0x82, 0x3B, 0xC7, 0xFD, 0x71, 0x13, 0x6C, 0x42, 0x11, 0x23, 0x09, 0x2D, 0xEE, 0xB4,
0x7D, 0x30, 0x9F, 0x89, 0x4B, 0xA0, 0xE6, 0x58, 0xDC, 0x67, 0x24, 0x3E, 0xAD, 0x33, 0x1D, 0xB9, 0xF6, 0x20, 0x52, 0x87, 0x30,
0xA4, 0x49, 0xB9, 0x15, 0x1D, 0x15, 0xC1, 0x65, 0x31, 0xFC, 0x8D, 0x74, 0x76, 0x13, 0xCD, 0xEB, 0x51, 0x79, 0x1A, 0x1D, 0x89,
0x14, 0x94, 0x37, 0xEE, 0x9A, 0xA8, 0x83, 0xFD, 0x0B, 0xF6, 0x30, 0x7C, 0x0A, 0x13, 0xAA, 0xD7, 0x01, 0x5C, 0x42, 0xD3, 0x93,
0x3F, 0xB6, 0xD3, 0x12, 0x9E, 0x1E, 0x1A, 0xD8, 0xE0, 0x67, 0x01, 0x19, 0x8A, 0x8F, 0x58, 0xDE, 0x14, 0xB4, 0x3B, 0x11, 0x6F,
0x19, 0x45, 0xC2, 0xBF, 0xB6, 0xFD, 0xA2, 0x7A, 0x48, 0xF5, 0xD8, 0xFA, 0xF7, 0x56, 0x21, 0x5E, 0x1F, 0x71, 0xBD, 0xC0, 0xED,
0x4D, 0xFE, 0xF3, 0x06, 0x6E, 0x93, 0x32, 0x38, 0xBF, 0xE0, 0xCD, 0xF2, 0x70, 0x16, 0x3E, 0x9A, 0x23, 0x3D, 0x42, 0xF6, 0xC7,
0x56, 0x69, 0xBE, 0x55, 0x0A, 0xA0, 0xED, 0x3E, 0x0F, 0xA7, 0x70, 0xEC, 0x9F, 0x62, 0x78, 0x27, 0x60, 0x9B, 0xED, 0xA0, 0xF8,
0x73, 0x3A, 0x63, 0xAE, 0x6D, 0xCB, 0xE4, 0x1E, 0x7F, 0x28, 0x01, 0x0F, 0xF8, 0x89, 0x4A, 0xFE, 0xA3, 0xEF, 0x4F, 0xCA, 0x61,
0x41, 0xEF, 0xF8, 0x88, 0xD8, 0x71, 0xCC, 0xD3, 0xA2, 0xF0, 0x18, 0x1C, 0xD0, 0xB9, 0x30, 0xF8, 0x4A, 0x49, 0xDD, 0x3F, 0xDC,
0xE5, 0x53, 0x0A, 0xCC, 0x4B, 0xB3, 0x58, 0xA1, 0x9A, 0x27, 0x9C, 0x0B, 0x83, 0xC2, 0x8B, 0x72, 0xCB, 0x73, 0xA6, 0x0F, 0x78,
0x8F, 0x1C, 0x24, 0xE8, 0x89, 0xCE, 0xAD, 0xE3, 0x98, 0xDE, 0x91, 0x49, 0x35, 0x1A, 0xC9, 0xC2, 0x09, 0xE5, 0xBA, 0xA0, 0x00,
0xD6, 0x59, 0x0A, 0x3B, 0x54, 0x9E, 0x3D, 0x48, 0x8E, 0x82, 0x36, 0x34, 0x50, 0x5F, 0xB5, 0xC6, 0xC7, 0x47, 0xE3, 0x1A, 0xE1,
0x92, 0x48, 0x0B, 0x27, 0xCC, 0x06, 0xB8, 0xC1, 0x00, 0xCD, 0x20, 0x48, 0xBC, 0x1B, 0xBB, 0xC5, 0xB5, 0xBD, 0xF3, 0x29, 0x37,
0xB8, 0xB6, 0x61, 0x7D, 0xD5, 0xE3, 0x3F, 0x48, 0x9D, 0x51, 0x95, 0x1C, 0x66, 0x47, 0x0B, 0x87, 0x5F, 0xEB, 0x20, 0xB3, 0xD0,
0xDD, 0x03, 0xFD, 0xED, 0x0B, 0xD4, 0x56, 0xF8, 0x2E, 0x1F, 0x2D, 0x0C, 0xB2, 0x2E, 0xFE, 0x8B, 0x75, 0xDD, 0x5A, 0xD8, 0x6A,
0x21, 0x1A, 0x50, 0x71, 0xAB, 0x29, 0xE1, 0x33, 0xB0, 0x67, 0x26, 0x7F, 0xBA, 0x6E, 0x17, 0x0A, 0x12, 0xE6, 0xC8, 0x0A, 0x4B,
0x22, 0xA4, 0xB4, 0xE4, 0x69, 0xEE, 0xD7, 0xB6, 0x16, 0xCC, 0xDD, 0x7D, 0x21, 0x79, 0x76, 0x24, 0xD2, 0x55, 0xE8, 0x7B, 0x99,
0x92, 0x5B, 0x84, 0x64, 0xD2, 0xE2, 0x93, 0x4E, 0xDC, 0x07, 0x17, 0x94, 0x52, 0x86, 0x8B, 0x24, 0x10, 0x48, 0x4E, 0x57, 0x25,
0x99, 0x1E, 0x08, 0xAB, 0x80, 0x9D, 0xC1, 0x1B, 0xC8, 0x62, 0x62, 0xFF, 0x14, 0x69, 0xF8, 0x75, 0x8E, 0xC7, 0x5C, 0xC3, 0x4E,
0xC9, 0x61, 0x18, 0xDD, 0x2C, 0x60, 0x70, 0x23, 0x4C, 0xB7, 0x69, 0x43, 0xC0, 0x5D, 0x7F, 0x74, 0x2A, 0x12, 0xD5, 0x80, 0xA4,
0x4A, 0x53, 0x1A, 0x76, 0xF8, 0xDD, 0xB3, 0x03, 0x29, 0x50, 0xC1, 0x0E, 0x1A, 0xA7, 0xDE, 0x8D, 0x10, 0xBC, 0xDF, 0x58, 0x59,
0xCB, 0x5E, 0x3C, 0x9D, 0xA6, 0xCF, 0x46, 0x79, 0x4C, 0x35, 0x6E, 0xBA, 0x40, 0x09, 0xA0, 0x60, 0x18, 0x45, 0xF9, 0x87, 0x80,
0xE9, 0xD2, 0x16, 0xFF, 0x7A, 0x5D, 0x5B, 0x73, 0xFF, 0x80, 0xB3, 0x13, 0x6E, 0x82, 0x31, 0x9D, 0xCE, 0x23, 0xEA, 0x8F, 0x7A,
0xE2, 0x41, 0x4E, 0xC8, 0xCC, 0x03, 0xFA, 0xAE, 0xF8, 0x3D, 0x94, 0x4E, 0x49, 0x7A, 0xD3, 0xE4, 0x2E, 0x05, 0x58, 0x7F, 0x57,
0xD3, 0x83, 0xD7, 0x69, 0xFA, 0x14, 0xD7, 0xAF, 0xAB, 0xDA, 0x1A, 0x48, 0xB3, 0xDE, 0xF5, 0xC5, 0x3C, 0x4F, 0x3D, 0x61, 0x4D,
0xC4, 0x30, 0x9E, 0xF3, 0xF4, 0x23, 0x72, 0xE5, 0xF9, 0xDD, 0x10, 0xE2, 0xD4, 0x34, 0x0F, 0xA1, 0x93, 0x8A, 0x18, 0x3A, 0xC4,
0x20, 0xD7, 0x1A, 0x0D, 0x7C, 0x3E, 0xDB, 0x21, 0x69, 0x37, 0x74, 0x48, 0x62, 0x41, 0xE4, 0xCA, 0xDB, 0x2C, 0x8D, 0x97, 0x78,
0x79, 0x23, 0xDE, 0x06, 0x9F, 0x81, 0xF2, 0x48, 0x11, 0x11, 0x35, 0xA4, 0x05, 0x62, 0xA4, 0x72, 0x69, 0x59, 0x81, 0x84, 0x2A,
0x23, 0xF6, 0x2C, 0x6B, 0xF1, 0xA3, 0x5B, 0x52, 0xE8, 0x00, 0x77, 0xFA, 0x1D, 0xD6, 0xAB, 0xFA, 0x9B, 0x6C, 0x61, 0x8E, 0x18,
0x10, 0x04, 0x70, 0x79, 0x95, 0xCA, 0x70, 0x04, 0x4B, 0xA6, 0x0C, 0x7D, 0xF3, 0x24, 0x47, 0x85, 0x28, 0x09, 0xFC, 0x18, 0xA5,
0x30, 0xE3, 0x90, 0xCA, 0x25, 0x02, 0x8C, 0xCA, 0x92, 0xA1, 0x58, 0x15, 0x1E, 0xFF, 0x5B, 0x73, 0xDE, 0x00, 0xE2, 0xAB, 0x24,
0x84, 0x58, 0x25, 0x03, 0xAD, 0x94, 0xBF, 0xC2, 0x34, 0x30, 0x42, 0x4E, 0x89, 0xFD, 0x72, 0xFD, 0xC1, 0x2E, 0x8B, 0xF6, 0x65,
0xE0, 0x2A, 0x1B, 0x63, 0x6F, 0x20, 0x0B, 0xAB, 0xC3, 0xF3, 0x0B, 0xBE, 0x9F, 0xBE, 0x48, 0xC8, 0xF4, 0xE9, 0xE5, 0xD1, 0x51,
0x1A, 0x64, 0xD7, 0x62, 0x2D, 0xF6, 0x31, 0x8E, 0x19, 0xD7, 0x6B, 0x32, 0x16, 0xE9, 0x53, 0xDB, 0x15, 0x7F, 0x59, 0x2E, 0xA8,
0x06, 0xAE, 0x9D, 0x2F, 0xB2, 0x14, 0xFB, 0x8C, 0x26, 0xA3, 0x92, 0xF0, 0xCB, 0x30, 0x6C, 0x7A, 0x7C, 0xC7, 0xDC, 0x69, 0xB8,
0x18, 0xF9, 0xD1, 0x3C, 0xE1, 0x84, 0x9D, 0xDB, 0x9B, 0x0B, 0x77, 0x47, 0xFA, 0xC0, 0xCD, 0x48, 0x79, 0xA8, 0x37, 0x5C, 0x10,
0x61, 0x39, 0xFA, 0x98, 0x6E, 0xA7, 0x51, 0x8C, 0xB4, 0x85, 0xDC, 0x47, 0xB1, 0xAC, 0x5B, 0xAA, 0x36, 0xFF, 0x5C, 0xDE, 0xF8,
0x53, 0x3F, 0x0C, 0x22, 0x17, 0x52, 0x2D, 0x6F, 0x55, 0xF7, 0x51, 0xD6, 0x61, 0x8B, 0xD8, 0xED, 0x7A, 0x16, 0xA3, 0xC2, 0x8B,
0xEF, 0x5A, 0x52, 0xE3, 0x7D, 0x64, 0xFE, 0x3B, 0xEB, 0xE0, 0xD8, 0x4E, 0xE9, 0x2A, 0xA3, 0x8E, 0x8F, 0x1D, 0x6D, 0x0B, 0x6D,
0x8B, 0x2D, 0xE4, 0x4E, 0xDE, 0x64, 0xC6, 0x2B, 0xE0, 0xE4, 0x99, 0x57, 0xDD, 0x9E, 0x04, 0x47, 0xD9, 0x4E, 0x6B, 0x71, 0xDA,
0x76, 0xA1, 0x0B, 0xE3, 0x46, 0x94, 0x67, 0xB4, 0x31, 0x2C, 0x57, 0x13, 0xEE, 0x63, 0x72, 0xB5, 0xF4, 0xD5, 0x62, 0xA5, 0xCC,
0xD6, 0xE8, 0x9A, 0xCD, 0x56, 0x77, 0x1A, 0x64, 0x32, 0x15, 0x47, 0x8D, 0xA2, 0x1E, 0xDF, 0x8C, 0xE2, 0xD9, 0xF9, 0x0E, 0x5B,
0x5F, 0x5D, 0xDF, 0x62, 0x7F, 0x85, 0xCB, 0xCD, 0x08, 0x5E, 0xC0, 0x47, 0x19, 0x45, 0x80, 0x81, 0xE2, 0x8B, 0xEE, 0x85, 0xDC,
0x33, 0x18, 0x7F, 0x27, 0x38, 0x6E, 0xA2, 0x14, 0xAC, 0x94, 0x10, 0xE1, 0xE4, 0x0C, 0x86, 0xD2, 0x7C, 0x91, 0x30, 0x95, 0x4C,
0xAC, 0xE9, 0xDE, 0x80, 0xB0, 0x88, 0x3C, 0x4F, 0xA7, 0xAC, 0x93, 0xF6, 0x87, 0xE7, 0xBD, 0x68, 0xD4, 0x4B, 0xFD, 0xFE, 0x6D,
0x6F, 0xB5, 0x5F, 0xD6, 0x70, 0xED, 0xC9, 0xBA, 0x6C, 0x4F, 0x54, 0x66, 0x0F, 0x33, 0xE8, 0xFD, 0x60, 0xDD, 0x4C, 0xE9, 0x39,
0x5F, 0xC4, 0x11, 0xBD, 0xA6, 0x24, 0xB8, 0xFE, 0xA4, 0x77, 0x40, 0x37, 0xE0, 0x87, 0x13, 0xE8, 0xD6, 0x18, 0xDA, 0xE2, 0xD9,
0x19, 0xD9, 0x43, 0x30, 0x72, 0xA3, 0xBC, 0x08, 0xCF, 0x00, 0xC9, 0x15, 0xC5, 0x72, 0xF4, 0x2B, 0x20, 0x03, 0xA3, 0xC9, 0x9C,
0xA7, 0x80, 0x27, 0x89, 0x91, 0xD0, 0x85, 0x20, 0x2C, 0xDD, 0x69, 0xC8, 0x9D, 0x4F, 0x00, 0x9E, 0x60, 0x3A, 0x24, 0x03, 0x6B,
0x82, 0xD1, 0x0A, 0x4D, 0x16, 0x97, 0x9C, 0x93, 0x70, 0x18, 0x52, 0xC4, 0xB5, 0xE5, 0x10, 0xF8, 0x68, 0x12, 0xF3, 0x0B, 0x53,
0xEF, 0x08, 0xFE, 0x2E, 0x36, 0x75, 0x36, 0x97, 0x83, 0xBE, 0x83, 0x62, 0x46, 0x65, 0x1A, 0xAE, 0xE7, 0x4A, 0xA4, 0xA0, 0x2F,
0x2A, 0x93, 0xBA, 0xF8, 0x5D, 0x9F, 0x2B, 0x31, 0x9D, 0x0F, 0x21, 0x0F, 0xC4, 0xCD, 0x91, 0xB4, 0xA5, 0xD0, 0xD8, 0xD3, 0x60,
0xD2, 0xA5, 0x32, 0x23, 0xAA, 0xA7, 0xA3, 0x30, 0x98, 0x8C, 0x41, 0x9F, 0xE4, 0x2B, 0xBC, 0x00, 0x74, 0xF8, 0x83, 0x0E, 0x02,
0x63, 0xF7, 0xC6, 0x63, 0x80, 0xBF, 0x70, 0xDC, 0x22, 0xA5, 0xE6, 0x2B, 0xF0, 0xE3, 0xB3, 0x6C, 0x9F, 0xBE, 0xD0, 0xBA, 0x0F,
0xC9, 0xB9, 0x07, 0x69, 0xC1, 0xE8, 0x6C, 0xE0, 0xAE, 0x5B, 0x30, 0x60, 0x84, 0xA3, 0x8F, 0xCA, 0x01, 0x28, 0xBB, 0xB2, 0xDB,
0xEC, 0xC1, 0x1A, 0x7F, 0x82, 0xAC, 0xB8, 0xFA, 0x83, 0xC4, 0xE0, 0x40, 0x4B, 0xDE, 0x5B, 0xAE, 0xA7, 0xF2, 0xB6, 0xED, 0x56,
0x90, 0x1B, 0x5E, 0x88, 0x98, 0xAB, 0xD2, 0x52, 0x9D, 0x6C, 0x9A, 0x85, 0xF8, 0xF1, 0x03, 0xDE, 0x9A, 0xD4, 0xC2, 0x40, 0xAE,
0xC7, 0x64, 0x77, 0x70, 0xB2, 0x69, 0xD6, 0x91, 0xCB, 0x66, 0x66, 0x44, 0x2C, 0x96, 0xAB, 0x87, 0xA3, 0x05, 0xF9, 0xE9, 0xF2,
0xA3, 0x0F, 0x44, 0x6B, 0x1A, 0xE6, 0x3D, 0x98, 0x69, 0x64, 0xF7, 0x78, 0xD1, 0x5D, 0xC7, 0xC2, 0x95, 0x96, 0xAD, 0x34, 0x1F,
0xE2, 0x22, 0x1B, 0xA6, 0x67, 0xDE, 0x15, 0xF1, 0x70, 0x84, 0xB6, 0x3B, 0x17, 0xA1, 0x29, 0xEF, 0x09, 0x46, 0x54, 0xD2, 0xC9,
0x02, 0x5C, 0x21, 0xF7, 0xA8, 0xEE, 0x43, 0x25, 0xDB, 0xFF, 0x0E, 0x42, 0xAA, 0x66, 0x31, 0x58, 0x2A, 0x0E, 0xBA, 0xFB, 0x20,
0xED, 0x51, 0x4E, 0xA9, 0x29, 0xE5, 0x66, 0x1A, 0xFE, 0x16, 0x6C, 0x23, 0xD9, 0x6D, 0x12, 0x4C, 0x31, 0x04, 0x8C, 0x9D, 0x4A,
0x34, 0x18, 0xCA, 0x3E, 0xB7, 0xC6, 0xFE, 0x88, 0xC1, 0xD4, 0xEF, 0x26, 0xD7, 0x32, 0x39, 0x29, 0xC4, 0x02, 0x14, 0xE2, 0x3B,
0xBE, 0xB8, 0x20, 0x54, 0xA1, 0x12, 0xBC, 0x3F, 0xE1, 0x02, 0x59, 0x91, 0x10, 0xB5, 0x49, 0x17, 0x39, 0x51, 0x91, 0xE9, 0x5A,
0xF7, 0xC8, 0x1F, 0x27, 0x99, 0x0A, 0xD7, 0x02, 0xA4, 0x5D, 0x5D, 0x88, 0x97, 0xFA, 0x53, 0xF1, 0xBB, 0x29, 0xE1, 0x50, 0xAE,
0x3C, 0x8F, 0xE7, 0x09, 0xF7, 0xC8, 0xF9, 0x97, 0x21, 0x1F, 0xB9, 0x57, 0xAE, 0x9A, 0xD9, 0xCD, 0x23, 0x22, 0xFC, 0xE6, 0x60,
0x2F, 0x50, 0xCB, 0x49, 0x5B, 0x44, 0x76, 0x40, 0xE2, 0x1D, 0x94, 0x67, 0x55, 0x95, 0xF3, 0x89, 0xBE, 0x25, 0xEB, 0xDB, 0xCE,
0xA5, 0x25, 0x25, 0x3F, 0xCA, 0x8D, 0x05, 0x2E, 0x15, 0x8E, 0x6D, 0xFB, 0x2F, 0xB9, 0x49, 0x0B, 0xFF, 0xF9, 0x6B, 0xDA, 0xA8,
0xB0, 0x1F, 0x09, 0x67, 0x0A, 0x6C, 0x98, 0x15, 0x94, 0x2E, 0xFE, 0x8C, 0x42, 0x88, 0x41, 0xA9, 0x36, 0x60, 0x17, 0xAA, 0x25,
0xFD, 0x4E, 0xB3, 0xCD, 0x56, 0x57, 0xD4, 0x7B, 0xAE, 0x38, 0x20, 0x7F, 0xD9, 0x6D, 0xB6, 0xB1, 0xC2, 0xFA, 0xFD, 0x8D, 0x01,
0x3C, 0x5E, 0x57, 0xD8, 0xD6, 0x80, 0xBB, 0xB0, 0x22, 0xEF, 0xCD, 0x40, 0xFA, 0xA4, 0xAE, 0xB0, 0xCD, 0x01, 0x9C, 0x4C, 0x57,
0xD8, 0x9D, 0x01, 0xF7, 0x1A, 0x55, 0x0D, 0x64, 0xBF, 0xBD, 0xFC, 0x7E, 0x9B, 0xD1, 0x0E, 0xCF, 0xDB, 0x54, 0xF6, 0x9E, 0xA5,
0x0F, 0x3C, 0x35, 0xB8, 0xA6, 0x38, 0xF9, 0x3E, 0x38, 0xB7, 0x4A, 0x24, 0xD6, 0xC7, 0x56, 0x2B, 0xFF, 0x34, 0x3E, 0x3D, 0x10,
0x11, 0x6F, 0x0E, 0xA4, 0xEC, 0x70, 0x9B, 0xF1, 0x94, 0xB2, 0x5A, 0x81, 0x17, 0xE8, 0xD4, 0xAA, 0xB3, 0x97, 0xA4, 0xF6, 0x1B,
0x61, 0x07, 0xB4, 0xB0, 0x31, 0xB3, 0x5C, 0x55, 0x23, 0xF1, 0xEC, 0xD9, 0xD8, 0xFA, 0x06, 0xA6, 0x6A, 0x3C, 0x1F, 0x65, 0xE8,
0x77, 0x63, 0x4D, 0x7B, 0xFD, 0xDC, 0x37, 0x00, 0x8F, 0x17, 0xD4, 0x6A, 0xF1, 0x62, 0x22, 0xE0, 0xBC, 0x60, 0x5C, 0xB2, 0x54,
0x69, 0xA6, 0xF2, 0xBD, 0x35, 0x18, 0xF9, 0xD6, 0xEA, 0x5A, 0xBD, 0x35, 0xFB, 0x1F, 0x9F, 0x62, 0x79, 0x17, 0x42, 0x05, 0x65,
0x1C, 0x50, 0xC6, 0xDB, 0x12, 0x18, 0xF0, 0xAE, 0x34, 0x65, 0x7A, 0x67, 0xF6, 0x0A, 0xFB, 0xBA, 0x45, 0x4B, 0x41, 0x45, 0x4A,
0x7D, 0xD2, 0x4B, 0xAB, 0x4B, 0x7A, 0x65, 0xF5, 0xC8, 0x5F, 0x99, 0x1D, 0x4E, 0x09, 0x79, 0x17, 0xF4, 0xC8, 0xCB, 0x94, 0xBA,
0xE4, 0x6F, 0xAD, 0x3E, 0xF9, 0x3B, 0xAB, 0x53, 0xF1, 0xCE, 0xEC, 0x55, 0x05, 0x42, 0xFD, 0x07, 0x54, 0x33, 0x36, 0x36, 0x51,
0xD4, 0xA5, 0xA7, 0x35, 0xDF, 0x73, 0x77, 0xD9, 0x6D, 0xF6, 0xE6, 0x6D, 0xFE, 0x56, 0x11, 0x62, 0xE3, 0xE5, 0x2F, 0x29, 0x4D,
0x4A, 0x5C, 0x2B, 0xB6, 0xD9, 0xC5, 0x65, 0xFE, 0xC1, 0xCF, 0x46, 0xF1, 0x77, 0x10, 0x6E, 0xC7, 0xC9, 0xB9, 0x51, 0x41, 0xCA,
0xBD, 0xD3, 0x52, 0x2B, 0xAF, 0xB4, 0x41, 0x51, 0x4B, 0xE2, 0xDB, 0xE5, 0x8E, 0xBA, 0x5A, 0x09, 0x4A, 0x03, 0xF8, 0x91, 0x74,
0x28, 0xD5, 0x29, 0x0D, 0x1D, 0x04, 0xDB, 0x6C, 0x1C, 0x8F, 0xE6, 0xF4, 0xC9, 0xC3, 0x55, 0xF2, 0x89, 0x28, 0xF5, 0xE8, 0xFC,
0xD9, 0xB8, 0xC3, 0xCF, 0x89, 0x54, 0x0E, 0xB1, 0xD5, 0x2D, 0xE8, 0x50, 0x9E, 0x20, 0xB8, 0xA6, 0xAE, 0x96, 0x87, 0xB8, 0xA8,
0xA9, 0xC5, 0xB0, 0xAC, 0xA9, 0xAA, 0x47, 0xBA, 0x2C, 0xEA, 0x16, 0xE1, 0x16, 0x6B, 0xAA, 0x6A, 0x31, 0x19, 0xAD, 0x9A, 0x88,
0x52, 0xB8, 0xA8, 0x1E, 0x05, 0x32, 0x2C, 0x6A, 0xE5, 0x31, 0xE7, 0x6A, 0xAA, 0x15, 0x71, 0xE9, 0xB4, 0xDE, 0x70, 0x5F, 0x7C,
0xC4, 0x8F, 0x8A, 0xBA, 0xFE, 0xE8, 0x02, 0x5A, 0xD4, 0x11, 0x72, 0x8D, 0xBA, 0x95, 0x10, 0x82, 0x8F, 0xA2, 0x86, 0xF2, 0xFE,
0xAD, 0xA9, 0x93, 0x3B, 0x08, 0x6B, 0xFD, 0xE8, 0x4E, 0xA8, 0xF5, 0x0B, 0xAF, 0x39, 0xAB, 0x9A, 0xBD, 0xFE, 0xB4, 0xA0, 0xCB,
0x9F, 0xB4, 0xF2, 0xCA, 0xAA, 0xB9, 0xA6, 0x4A, 0x6E, 0xF8, 0x6C, 0xF4, 0x42, 0xAE, 0x14, 0xF5, 0xFD, 0x70, 0x67, 0x0B, 0xBB,
0xA7, 0x05, 0xD5, 0x34, 0x37, 0x8D, 0xA2, 0xA6, 0x79, 0xDA, 0x56, 0xD6, 0x35, 0x04, 0x8D, 0x5D, 0x7B, 0x53, 0x92, 0x32, 0xAA,
0xA6, 0xB2, 0xAE, 0xB2, 0xEA, 0x96, 0x88, 0xC5, 0xC3, 0x11, 0x11, 0x38, 0x81, 0x33, 0x75, 0x5B, 0xCA, 0x59, 0x5E, 0xDF, 0x97,
0x59, 0x04, 0x46, 0xE5, 0x30, 0x3E, 0x28, 0x88, 0x50, 0xF5, 0xF6, 0xB4, 0xCB, 0x3A, 0xDA, 0xD9, 0xCB, 0xC9, 0xD6, 0xC2, 0x66,
0x72, 0x56, 0xA9, 0x3C, 0x3B, 0x33, 0x64, 0x53, 0x83, 0xE9, 0x59, 0x31, 0x9E, 0xBA, 0x25, 0x32, 0xDA, 0xB4, 0x41, 0x77, 0xD4,
0x9D, 0x12, 0x35, 0x5A, 0x0C, 0xAD, 0xB6, 0x55, 0xB2, 0x6D, 0xB7, 0xB1, 0x18, 0x52, 0x6D, 0xB3, 0xA0, 0xD6, 0x82, 0x62, 0x85,
0x2A, 0x6B, 0x8A, 0x02, 0x46, 0x0D, 0x9B, 0xDF, 0xA9, 0xA9, 0x6B, 0x16, 0xD5, 0x5A, 0x81, 0x6A, 0xC1, 0x4F, 0x1E, 0x37, 0x6F,
0xCA, 0x59, 0x5E, 0x6B, 0xCF, 0xE0, 0x76, 0x2A, 0x5B, 0xD1, 0x4A, 0x19, 0x33, 0xCA, 0x79, 0x95, 0x9A, 0xA9, 0xC8, 0x32, 0x5A,
0xBD, 0x82, 0xDD, 0xA8, 0xAC, 0xA6, 0x8A, 0x68, 0xB5, 0x34, 0x96, 0xA1, 0xB2, 0x5A, 0x5E, 0xC6, 0xE8, 0x2D, 0x8F, 0x58, 0x53,
0xDB, 0x61, 0x5E, 0xAA, 0xDD, 0xB5, 0x8F, 0xE2, 0xCA, 0x5A, 0xFA, 0x51, 0xDB, 0xEE, 0x7A, 0x10, 0xD8, 0x3F, 0xA1, 0xF0, 0x8E,
0x84, 0xBA, 0x01, 0xB0, 0xB6, 0xD3, 0x86, 0xDD, 0xD2, 0x18, 0x1A, 0xF7, 0xF6, 0x0A, 0x34, 0x30, 0x11, 0x27, 0x00, 0x9D, 0xA0,
0xCB, 0x2E, 0x48, 0x7F, 0xD3, 0x09, 0x3C, 0xB2, 0x6A, 0x1A, 0x0C, 0x06, 0xAC, 0xCD, 0x7D, 0x30, 0xDA, 0x5D, 0x16, 0x78, 0x32,
0x40, 0xE4, 0x63, 0xE1, 0x27, 0xD6, 0xE9, 0xEE, 0xB0, 0xCB, 0xAE, 0xC5, 0x12, 0x64, 0xBF, 0x3D, 0x49, 0x12, 0xBA, 0x85, 0xBE,
0x9A, 0x70, 0x0B, 0x61, 0x7E, 0x91, 0x87, 0x4D, 0x21, 0xE7, 0xFD, 0xA5, 0xFB, 0x06, 0x0D, 0xCC, 0x17, 0x72, 0x2D, 0xCB, 0x8F,
0x04, 0xC3, 0xE0, 0xEA, 0x4D, 0xD2, 0xF5, 0xFC, 0xDC, 0xDA, 0x13, 0xFE, 0x4C, 0xAA, 0xDC, 0xCF, 0x2D, 0x15, 0xC2, 0x12, 0xBA,
0x17, 0x92, 0x23, 0x0B, 0x1F, 0x27, 0xFE, 0xDD, 0x6B, 0xED, 0xE8, 0xA3, 0x50, 0x57, 0x90, 0xBA, 0xB1, 0xE8, 0xDE, 0x70, 0xCE,
0x7E, 0x55, 0x81, 0x52, 0xBF, 0x9A, 0xAF, 0x1C, 0x4A, 0x3F, 0xCE, 0x35, 0x5B, 0x3C, 0x0E, 0xD2, 0xCF, 0x2D, 0x6B, 0x2C, 0xE9,
0x79, 0x8A, 0x61, 0x0C, 0x5A, 0x07, 0xE7, 0x80, 0xFB, 0x94, 0xF1, 0x21, 0x95, 0x4A, 0xBC, 0xE0, 0x32, 0xE4, 0xA2, 0x29, 0xC6,
0xDB, 0x6A, 0xE9, 0xA5, 0x84, 0xF7, 0xCA, 0xEB, 0x60, 0x16, 0x17, 0x72, 0x7D, 0xD8, 0xB9, 0x79, 0x9A, 0x57, 0x4B, 0x82, 0x8F,
0x69, 0x33, 0xDF, 0x96, 0x24, 0xE0, 0x30, 0x49, 0x71, 0xDF, 0xC7, 0xAD, 0x9C, 0x34, 0x7B, 0xA2, 0x2F, 0x85, 0x09, 0x88, 0xFA,
0x34, 0x9B, 0xD3, 0x37, 0x92, 0x03, 0xA6, 0x82, 0x53, 0xEE, 0x88, 0x3B, 0xFA, 0xB3, 0x71, 0xB7, 0x60, 0xF7, 0xE4, 0x0C, 0x84,
0x84, 0x60, 0x50, 0x89, 0x8C, 0x79, 0xCD, 0x1D, 0x55, 0x91, 0x90, 0xEC, 0x2B, 0xF1, 0xBA, 0x8B, 0x7B, 0x1F, 0x46, 0x18, 0xE5,
0xDF, 0xC4, 0x6B, 0x8F, 0xCB, 0xDF, 0xBF, 0x3B, 0xDC, 0x7F, 0x8E, 0x86, 0x5B, 0xAD, 0x1D, 0x8D, 0xE3, 0xE0, 0xBE, 0x83, 0x3C,
0xB4, 0x34, 0x3E, 0xAD, 0xEE, 0x88, 0x5F, 0xF7, 0xD9, 0xFA, 0x6D, 0xF1, 0xF3, 0xDB, 0x6F, 0xB5, 0x11, 0xAA, 0x31, 0xCA, 0x35,
0xD4, 0xC6, 0xC8, 0xB5, 0x22, 0x81, 0x1C, 0x26, 0xE7, 0x00, 0x48, 0xA2, 0x51, 0x0C, 0x91, 0xC9, 0x3A, 0x1E, 0x97, 0x63, 0xA0,
0x26, 0xB5, 0x5D, 0xFE, 0x4A, 0x2A, 0x9B, 0x3D, 0x21, 0x8C, 0x42, 0x99, 0x03, 0x8E, 0xCC, 0x1D, 0x2A, 0xDA, 0xF5, 0xA0, 0x25,
0xE3, 0x9C, 0x63, 0x67, 0x7D, 0x85, 0xB5, 0x56, 0x5B, 0x5D, 0xF6, 0x2D, 0x6B, 0x6D, 0xC3, 0x72, 0x51, 0x6B, 0x44, 0xCE, 0x15,
0x97, 0x76, 0x58, 0xEF, 0xED, 0x9D, 0x84, 0x93, 0x71, 0x47, 0xB4, 0x5B, 0x8C, 0x43, 0x71, 0xDF, 0x95, 0x6B, 0x24, 0x58, 0x08,
0x62, 0x26, 0xAE, 0x75, 0x89, 0x72, 0x40, 0x43, 0x76, 0x43, 0x3C, 0x7E, 0x6F, 0x0B, 0xA0, 0xE6, 0xBF, 0xEF, 0x0F, 0xD8, 0xDA,
0xBA, 0x7C, 0xB0, 0x80, 0x4D, 0xEB, 0xCA, 0xCB, 0xFC, 0x89, 0x21, 0x10, 0x07, 0x11, 0x90, 0x55, 0xF6, 0xCF, 0x7F, 0xCA, 0x77,
0xBB, 0xA8, 0xC7, 0xBE, 0xF9, 0x26, 0x6F, 0x64, 0xB3, 0x6B, 0xD4, 0xFD, 0x98, 0xA5, 0xCA, 0xA5, 0x1F, 0xA3, 0x6C, 0xEE, 0x4F,
0xFE, 0x21, 0x57, 0x4C, 0x74, 0x4B, 0xA3, 0xC0, 0x78, 0xBB, 0xEC, 0x01, 0x5B, 0x5B, 0xBB, 0xC7, 0xB6, 0x79, 0xFF, 0x46, 0x5D,
0x6B, 0xA1, 0xB5, 0x46, 0x5C, 0xC5, 0xCC, 0x15, 0xEF, 0x18, 0x5D, 0xD2, 0x84, 0xBB, 0xA6, 0x70, 0xEB, 0x01, 0x6B, 0x91, 0xF9,
0x01, 0xEB, 0x48, 0xA2, 0xD1, 0xB5, 0x14, 0xD7, 0xDB, 0xEC, 0xDD, 0xAD, 0x0B, 0xAD, 0x91, 0x4B, 0x29, 0x2C, 0xBB, 0x75, 0xB1,
0x0F, 0xCB, 0x6B, 0xCF, 0x1F, 0xA6, 0x7A, 0x17, 0x5D, 0x31, 0x1D, 0xB4, 0xDA, 0x6E, 0xA3, 0x6A, 0x3B, 0x6D, 0x5F, 0xBE, 0x33,
0x06, 0xD9, 0x00, 0xA3, 0x72, 0x9C, 0x6A, 0x80, 0x5C, 0x39, 0x8B, 0x42, 0xF8, 0x95, 0x76, 0x4A, 0x88, 0x75, 0x92, 0x1C, 0x2C,
0x42, 0xAD, 0xB6, 0xAE, 0x54, 0x68, 0x17, 0xC3, 0x10, 0x0D, 0x4C, 0xA3, 0xE6, 0x0D, 0x08, 0x55, 0x40, 0xDB, 0x81, 0xA3, 0xA1,
0xA0, 0x04, 0xA1, 0x24, 0x03, 0xA1, 0x85, 0x96, 0x9C, 0x99, 0xA0, 0xF5, 0xAB, 0xC6, 0xAA, 0xB6, 0x80, 0x52, 0xBB, 0x6B, 0x2F,
0x79, 0x8E, 0x16, 0xF4, 0x9B, 0x6B, 0x69, 0x07, 0x2C, 0xF4, 0xB2, 0x58, 0x6E, 0x75, 0x73, 0x9B, 0xB7, 0x57, 0xAD, 0x06, 0xC2,
0xA3, 0x8E, 0x02, 0x51, 0x37, 0x07, 0x16, 0x9D, 0xC6, 0xB4, 0x2A, 0xA5, 0x4D, 0xEE, 0x9E, 0x11, 0x6D, 0xBC, 0x2F, 0x6A, 0x46,
0x6A, 0xCD, 0xBA, 0xF9, 0xEA, 0x55, 0xCE, 0xA8, 0x1A, 0xB3, 0x14, 0xE7, 0x5A, 0x81, 0x58, 0x63, 0x29, 0x63, 0x5E, 0x8C, 0x1D,
0xB6, 0x54, 0xBA, 0x0A, 0x3F, 0x36, 0x39, 0x34, 0x07, 0x02, 0x9C, 0xEC, 0x5B, 0xA2, 0x3F, 0x15, 0xE4, 0xE7, 0x63, 0x60, 0x1A,
0x96, 0xBE, 0x98, 0xF4, 0x02, 0x9B, 0x3D, 0x54, 0x5B, 0x3C, 0x35, 0xB7, 0xAE, 0x39, 0x65, 0x7B, 0x0B, 0x57, 0x83, 0xB6, 0x6A,
0xAF, 0xEE, 0x98, 0x9F, 0x2D, 0x80, 0x5B, 0x5F, 0xF5, 0x93, 0xDE, 0x90, 0x7A, 0x2C, 0x2C, 0xC7, 0xA5, 0x1C, 0x56, 0x29, 0xED,
0x4C, 0xB2, 0x2E, 0xBA, 0x3B, 0x25, 0x84, 0x90, 0x77, 0x21, 0x08, 0x30, 0x3A, 0x61, 0xFA, 0x70, 0x42, 0x8E, 0x1F, 0xFA, 0x01,
0xA6, 0xC4, 0x4C, 0x5E, 0x21, 0x07, 0xF1, 0x20, 0xAF, 0xF7, 0xB9, 0x59, 0xC0, 0x80, 0x7D, 0x95, 0xD7, 0xD9, 0x29, 0xD5, 0xB0,
0x2F, 0x93, 0x46, 0xBD, 0xA2, 0x33, 0x3A, 0x93, 0x94, 0xD8, 0xDC, 0x53, 0xD8, 0xE4, 0x09, 0x3F, 0xE9, 0xFB, 0x9B, 0xDD, 0xEA,
0x76, 0x73, 0x80, 0x37, 0x69, 0x38, 0xBF, 0x8D, 0x96, 0x5A, 0xCE, 0x17, 0xD2, 0x4F, 0xCF, 0xA3, 0x51, 0x01, 0x98, 0x23, 0xE4,
0x9C, 0x3F, 0x91, 0x46, 0xC9, 0xC6, 0x0E, 0xC9, 0x60, 0x50, 0x5A, 0xE2, 0x70, 0xC0, 0x37, 0xCE, 0xF0, 0x83, 0x1F, 0x60, 0x67,
0x3C, 0xA3, 0x28, 0x55, 0xEF, 0xB4, 0xFB, 0x64, 0x62, 0x4A, 0x52, 0x3D, 0x03, 0x69, 0x39, 0x03, 0xA6, 0xAA, 0x78, 0xF1, 0xA9,
0xB5, 0x15, 0x2C, 0x96, 0x4C, 0x23, 0x50, 0xAC, 0x98, 0x91, 0x92, 0x1F, 0xE6, 0x3D, 0xE6, 0xED, 0x51, 0x77, 0x1D, 0xBD, 0xBB,
0x84, 0x82, 0x86, 0x26, 0xC5, 0x5C, 0x0A, 0x5C, 0xC6, 0x25, 0x9C, 0xCC, 0x18, 0x2F, 0xF4, 0xB2, 0x46, 0xDF, 0x95, 0x84, 0xC4,
0x6E, 0xD3, 0xA6, 0x20, 0x3C, 0x83, 0xF0, 0xA0, 0x3C, 0xDC, 0x9D, 0xC2, 0x42, 0x44, 0x92, 0x1A, 0x68, 0x81, 0x64, 0xE1, 0x66,
0x02, 0x97, 0x9D, 0x42, 0xA4, 0x27, 0x6A, 0x56, 0x31, 0xAB, 0x57, 0x65, 0x68, 0x2C, 0x86, 0x44, 0x6B, 0xD1, 0xC9, 0x83, 0xB4,
0x5E, 0x70, 0x06, 0x03, 0x89, 0x0E, 0x73, 0x6B, 0xD4, 0x6E, 0xAB, 0x3C, 0x48, 0x37, 0x4F, 0x90, 0x5F, 0xB7, 0xA9, 0x08, 0x08,
0xE6, 0x13, 0x1F, 0x58, 0x43, 0xE6, 0x05, 0x6C, 0xB0, 0xFB, 0x49, 0xF8, 0x68, 0x6A, 0xDB, 0x9B, 0x27, 0x93, 0x45, 0xBC, 0x34,
0x2F, 0x47, 0x57, 0x30, 0xAD, 0xE0, 0x82, 0xB9, 0x48, 0x8C, 0x59, 0xB4, 0xB1, 0xF8, 0x15, 0x10, 0x83, 0x3E, 0xFC, 0xA9, 0x8C,
0x35, 0x49, 0x70, 0x0C, 0x6B, 0xCE, 0x01, 0xEB, 0xFF, 0xEF, 0xCE, 0x9B, 0x87, 0xBD, 0x9F, 0xFC, 0xDE, 0x6F, 0x6F, 0x2F, 0x36,
0x56, 0x2E, 0xBB, 0x9D, 0x37, 0xDF, 0xF6, 0xDE, 0x3E, 0xE8, 0x3C, 0xD8, 0x7E, 0xB3, 0xDA, 0xBB, 0xF7, 0xF6, 0x9F, 0x6B, 0xF8,
0x73, 0xFB, 0x6D, 0x17, 0xCF, 0xF4, 0x62, 0xF3, 0x2D, 0x7F, 0xDB, 0x7D, 0x60, 0x3F, 0xE3, 0x8D, 0xD1, 0x0A, 0x15, 0x58, 0xD9,
0xEF, 0xAC, 0x3E, 0x78, 0xB3, 0xA6, 0x5A, 0x59, 0x7F, 0xDB, 0xFD, 0xD9, 0xA3, 0x76, 0xD7, 0xD0, 0xE0, 0x3F, 0x37, 0xF1, 0x80,
0x97, 0x5B, 0x6F, 0xF1, 0xE6, 0xE7, 0xBE, 0xD1, 0x1D, 0xFE, 0xAC, 0x8B, 0x5E, 0xBB, 0x0F, 0xAE, 0xA3, 0x8D, 0xEE, 0x83, 0x5B,
0x7D, 0x0B, 0x53, 0xD5, 0x12, 0xE5, 0x94, 0x4E, 0x09, 0x53, 0xC5, 0xE2, 0x79, 0x60, 0x10, 0xA6, 0xDA, 0xE6, 0xCD, 0xB7, 0x16,
0xE9, 0x01, 0x51, 0x8D, 0xB4, 0x79, 0xE6, 0x15, 0x4F, 0x54, 0x13, 0x04, 0xAF, 0x74, 0xD1, 0xA3, 0x12, 0x1C, 0xDC, 0x1E, 0x5D,
0x42, 0x3B, 0xBC, 0x6C, 0xB7, 0x54, 0xCA, 0xEE, 0x84, 0x6B, 0x6B, 0x8A, 0xAF, 0x9C, 0xF0, 0x0C, 0x41, 0x71, 0x03, 0xF0, 0x2B,
0x52, 0xFE, 0xD0, 0x74, 0xFD, 0xBF, 0x93, 0x77, 0xFC, 0x5A, 0x2C, 0x78, 0xF0, 0x55, 0xAF, 0x2B, 0xD7, 0x90, 0xE0, 0x47, 0xE0,
0xCC, 0x9F, 0x7A, 0x6F, 0x2F, 0x56, 0x57, 0xB6, 0xD6, 0x2E, 0xB5, 0xEF, 0xCD, 0xA1, 0x4A, 0xBD, 0x2F, 0x80, 0x6B, 0xA1, 0x4C,
0xFD, 0xE4, 0xD0, 0x35, 0xBA, 0xAA, 0x83, 0xB1, 0x21, 0x5D, 0x29, 0x41, 0xBA, 0xDF, 0x67, 0x07, 0xC2, 0x13, 0x0E, 0x61, 0x2D,
0x85, 0xE3, 0xF6, 0xE3, 0xEF, 0x19, 0xD4, 0xCA, 0x7D, 0xA9, 0x4A, 0xEE, 0xE3, 0x11, 0x72, 0xB7, 0x3E, 0x57, 0x31, 0xAB, 0x3C,
0x26, 0x3D, 0x2E, 0x8A, 0x49, 0x21, 0x0F, 0xC4, 0x51, 0x00, 0x33, 0x74, 0x78, 0xBE, 0x91, 0xE5, 0x3D, 0x6C, 0xFD, 0x3E, 0xC0,
0xF3, 0xED, 0x04, 0x27, 0xF2, 0xF1, 0x09, 0x09, 0x5E, 0xF2, 0x3E, 0xB8, 0x34, 0x03, 0x81, 0xA4, 0xC9, 0x65, 0xA4, 0x3F, 0x3E,
0x95, 0xCD, 0xC8, 0xF0, 0xD3, 0x1D, 0xCA, 0x29, 0x0F, 0xDF, 0xBB, 0xF1, 0x24, 0x78, 0xAC, 0xF4, 0xC6, 0xAF, 0xF8, 0x27, 0x2C,
0x34, 0x8C, 0x0B, 0x4B, 0x92, 0x16, 0x6F, 0x34, 0x23, 0x85, 0x8B, 0x08, 0x58, 0x9D, 0xF7, 0x31, 0x8E, 0x03, 0xE5, 0x43, 0x0B,
0x13, 0x18, 0xDD, 0xE5, 0x4F, 0x19, 0x4D, 0x70, 0xEA, 0x84, 0xA7, 0xF8, 0x14, 0x61, 0xBA, 0xC9, 0xEE, 0x1F, 0x66, 0x83, 0x29,
0x85, 0xFD, 0x23, 0x2F, 0x3D, 0x1A, 0x00, 0x0C, 0xB5, 0xE1, 0xB5, 0xC7, 0xFD, 0x25, 0xD8, 0x05, 0x15, 0x5E, 0x09, 0xC7, 0x97,
0x79, 0x07, 0x33, 0x3F, 0xA4, 0xB0, 0x47, 0xFE, 0x04, 0x1D, 0x8C, 0xC9, 0xC3, 0x8F, 0x47, 0xB7, 0x65, 0x24, 0x95, 0x13, 0xCE,
0x32, 0x5A, 0x9F, 0x98, 0xEB, 0x94, 0x62, 0x84, 0x82, 0xC0, 0xBF, 0x0F, 0xC9, 0xA3, 0xD6, 0x3F, 0x2B, 0x8E, 0x5B, 0x43, 0x9C,
0x34, 0x1F, 0x0A, 0x89, 0xDA, 0x3E, 0x9D, 0xAB, 0x01, 0x04, 0xAC, 0x74, 0x49, 0xED, 0x1A, 0xC4, 0x5C, 0xE0, 0x00, 0xEB, 0xFC,
0xBA, 0xC2, 0x46, 0xC3, 0xAE, 0x45, 0xE7, 0x09, 0x6F, 0x7E, 0x95, 0x48, 0xC5, 0x76, 0xD9, 0x9A, 0xC5, 0x19, 0xDC, 0xF2, 0xFC,
0x5F, 0xFC, 0x0F, 0x9D, 0x0B, 0xF3, 0x12, 0x0B, 0x72, 0x8E, 0xCB, 0xA8, 0xBD, 0x12, 0x0F, 0x7E, 0x1D, 0xB4, 0x21, 0xF4, 0x08,
0xA2, 0x11, 0x64, 0x97, 0x7F, 0x7F, 0xFD, 0x0C, 0xC6, 0xA2, 0x18, 0x30, 0x1D, 0x13, 0xBF, 0x16, 0x42, 0xD0, 0x5C, 0x84, 0x7A,
0x12, 0x43, 0xA1, 0xD6, 0xFE, 0xEB, 0x93, 0xC3, 0xB6, 0xF5, 0x2D, 0x9D, 0x8F, 0x46, 0x5C, 0x37, 0x98, 0x6F, 0xE0, 0x0E, 0x9D,
0x03, 0xD6, 0xC0, 0x38, 0x08, 0x86, 0xE2, 0xCB, 0x8E, 0xF9, 0xE1, 0xD2, 0x6A, 0x30, 0x20, 0xD4, 0xD5, 0x9B, 0xFB, 0x70, 0x92,
0xAC, 0x70, 0x5C, 0x24, 0x1B, 0x07, 0xFE, 0xD5, 0xD5, 0x38, 0xE0, 0x0B, 0x5F, 0x08, 0x8F, 0x7F, 0xEF, 0xBC, 0x03, 0x1E, 0xA7,
0xE4, 0xE7, 0xC4, 0xD9, 0x2C, 0xEC, 0x98, 0x70, 0x42, 0xBA, 0xE4, 0x5B, 0x17, 0xA2, 0x99, 0x4B, 0xA0, 0xF0, 0xAD, 0x0B, 0x5E,
0xF4, 0xF2, 0x9D, 0x3D, 0x1E, 0x3E, 0xD0, 0x37, 0x6F, 0x4B, 0xC3, 0xD4, 0x1F, 0x2F, 0x8D, 0xFB, 0x3A, 0x23, 0x71, 0x9E, 0x75,
0x5B, 0xB1, 0x9B, 0x28, 0x2E, 0xF5, 0x3B, 0xB6, 0x94, 0xF8, 0x56, 0xA7, 0x98, 0xAB, 0x36, 0xB3, 0x5B, 0x9D, 0xF6, 0x9B, 0x2A,
0x37, 0x80, 0xB7, 0x10, 0x1A, 0xCB, 0xDF, 0x39, 0x65, 0xD2, 0xE4, 0xBD, 0xB7, 0x3A, 0x39, 0x35, 0x13, 0xEA, 0x04, 0x94, 0x86,
0x45, 0x8C, 0x4F, 0x0C, 0x48, 0x81, 0x1C, 0x11, 0x97, 0x89, 0xB7, 0x73, 0xB4, 0x48, 0x8B, 0xA5, 0x4D, 0x71, 0x8F, 0x18, 0xE1,
0x63, 0x19, 0x5F, 0x3B, 0x9A, 0x18, 0x3F, 0x20, 0xF3, 0x45, 0x86, 0xA8, 0xB2, 0xF9, 0x2B, 0xE1, 0x58, 0x69, 0xAC, 0x1E, 0x31,
0x0A, 0xC6, 0x7A, 0x59, 0x7B, 0x5F, 0x69, 0xFA, 0x45, 0xC1, 0x1D, 0x9B, 0xD3, 0xE4, 0x8C, 0x46, 0xC1, 0x3C, 0x14, 0x96, 0x2C,
0xD0, 0x37, 0x4F, 0x48, 0xE7, 0xBC, 0xA0, 0x37, 0xD9, 0x4A, 0xFB, 0x7E, 0x38, 0x05, 0x41, 0x4B, 0x46, 0x83, 0x56, 0x88, 0xD4,
0xDA, 0x13, 0xEF, 0x2C, 0x18, 0xCE, 0xEC, 0x24, 0x06, 0x5C, 0x87, 0xBD, 0xBD, 0x35, 0xFB, 0xD0, 0xDA, 0xA5, 0x9D, 0x61, 0xF6,
0x5C, 0x0F, 0x64, 0x53, 0x4F, 0xF2, 0x25, 0x82, 0xDB, 0x6D, 0x5C, 0x73, 0x93, 0xA1, 0xAE, 0x29, 0x97, 0xBE, 0x3C, 0x80, 0x3F,
0x77, 0xDA, 0x0C, 0x7D, 0x3E, 0x70, 0x67, 0xF3, 0x61, 0x70, 0xDD, 0x48, 0x2E, 0x35, 0x72, 0x5F, 0x22, 0x76, 0x97, 0x0D, 0xA4,
0x3E, 0x1F, 0xA8, 0x87, 0xF3, 0xF4, 0x7A, 0x21, 0xAD, 0x94, 0x98, 0x5F, 0x1E, 0xA0, 0x0F, 0xCA, 0x36, 0x61, 0x37, 0x99, 0x82,
0xE4, 0x6A, 0xDF, 0x2F, 0x0F, 0xD2, 0xFB, 0x0E, 0x63, 0xB8, 0x1B, 0x47, 0x3D, 0x72, 0x40, 0x93, 0x5A, 0xB9, 0xAC, 0xE5, 0x56,
0x4E, 0x37, 0x2B, 0xF6, 0x15, 0x90, 0xEB, 0xBA, 0x73, 0xC1, 0x5E, 0x59, 0xB7, 0x6D, 0xDC, 0xB3, 0x8C, 0x2B, 0x68, 0xB7, 0xFE,
0xCE, 0xC9, 0x04, 0xAB, 0x66, 0xD6, 0x2B, 0x2E, 0x57, 0xDD, 0x26, 0xB7, 0x29, 0xD9, 0x86, 0xDC, 0x10, 0x24, 0x18, 0x75, 0x70,
0x60, 0xF9, 0xCC, 0x35, 0xEB, 0x36, 0x07, 0x00, 0x44, 0xB4, 0x4E, 0x00, 0x40, 0x30, 0x78, 0xBC, 0x58, 0x9E, 0x6A, 0x59, 0x35,
0x5B, 0x50, 0x60, 0x65, 0x7F, 0x56, 0xD7, 0x92, 0xBC, 0x4D, 0x70, 0x8F, 0xFD, 0x8E, 0x33, 0x81, 0xE9, 0x0A, 0x89, 0x65, 0xF7,
0x48, 0xA9, 0x1E, 0x98, 0x46, 0x6D, 0xDD, 0x9D, 0xCB, 0x6E, 0xBD, 0xE1, 0x42, 0x29, 0x7E, 0x4E, 0xB7, 0xF9, 0x50, 0xCA, 0x21,
0x70, 0xC8, 0x65, 0x2C, 0x1F, 0x47, 0xA9, 0x65, 0x65, 0xC2, 0x60, 0x0A, 0x77, 0x73, 0x3B, 0xC3, 0xBA, 0x8E, 0xC5, 0xDA, 0x3C,
0xCA, 0xCB, 0xEE, 0xF1, 0x0F, 0xA5, 0xC6, 0x94, 0xC9, 0xDC, 0x72, 0xE0, 0xCC, 0x53, 0x60, 0x18, 0xC3, 0x2F, 0xCC, 0xEF, 0x30,
0xEE, 0xBC, 0xB0, 0x95, 0x2D, 0xA0, 0xB2, 0xC6, 0xA5, 0x73, 0x6C, 0x3F, 0x35, 0x1F, 0x98, 0x1E, 0x92, 0xB4, 0xD4, 0xCB, 0x4F,
0x7C, 0x50, 0x1C, 0xE9, 0x1D, 0x5F, 0xD0, 0x46, 0x85, 0x44, 0x49, 0x08, 0x37, 0xDD, 0x82, 0x24, 0xDC, 0x7A, 0xCA, 0x83, 0xCE,
0xAB, 0x97, 0xC7, 0x3D, 0x9C, 0xC0, 0x67, 0x69, 0x45, 0x13, 0xEE, 0xB9, 0x66, 0xCC, 0x85, 0x2E, 0x4B, 0xCE, 0x59, 0x85, 0x72,
0xB6, 0x67, 0x2D, 0xEC, 0xFE, 0xDC, 0xF3, 0x96, 0xDF, 0xCA, 0x33, 0x2F, 0xA4, 0x3E, 0xF6, 0xDC, 0xCB, 0xC2, 0x9E, 0x1A, 0x08,
0x54, 0xCC, 0xC3, 0x82, 0x81, 0x12, 0x70, 0x95, 0x1A, 0xB1, 0xEC, 0xCF, 0x1C, 0xE6, 0x41, 0x02, 0x22, 0xB0, 0x0E, 0x22, 0x4A,
0x59, 0x96, 0x10, 0x60, 0xA9, 0xB8, 0xA7, 0xA8, 0x37, 0x12, 0x93, 0x2E, 0xDD, 0x97, 0xAD, 0xAE, 0x72, 0x15, 0x8C, 0x2C, 0x5F,
0x12, 0x32, 0x99, 0xC4, 0xBD, 0xAE, 0x85, 0x4F, 0x3E, 0xD6, 0x02, 0x2C, 0xCD, 0x06, 0x2B, 0x7E, 0x92, 0x9A, 0x91, 0x8C, 0x91,
0xB8, 0x47, 0xD4, 0x33, 0xCA, 0x0C, 0x04, 0x1F, 0x92, 0x12, 0x71, 0x29, 0x69, 0x8E, 0x1C, 0xB3, 0x81, 0x6F, 0xEE, 0x69, 0x5B,
0x9D, 0x58, 0x1D, 0xD7, 0x8C, 0x2A, 0x95, 0x4A, 0x64, 0x63, 0xB1, 0xD9, 0x2D, 0xAB, 0x6F, 0x2E, 0x4C, 0x0D, 0x2E, 0xD0, 0xB5,
0x34, 0x54, 0x87, 0xC4, 0xA3, 0x54, 0x06, 0x80, 0xA0, 0x98, 0xDE, 0x3C, 0x63, 0x1C, 0x02, 0x52, 0xCD, 0x3C, 0xFE, 0xB5, 0x53,
0xA9, 0x9A, 0xB5, 0xDC, 0x4C, 0xDB, 0x5D, 0x53, 0xE4, 0x61, 0x08, 0x3C, 0x4A, 0x9D, 0x79, 0x7C, 0x0F, 0x76, 0x6B, 0x81, 0x5E,
0xD9, 0xB3, 0xE9, 0x19, 0xE7, 0x34, 0x80, 0x53, 0x70, 0xB6, 0x20, 0xAC, 0x6C, 0xC8, 0xB8, 0x75, 0x51, 0x43, 0x9B, 0x06, 0xB1,
0xA1, 0x6D, 0xCB, 0x06, 0xAE, 0xE3, 0x5D, 0xC6, 0xAE, 0xC1, 0xD9, 0x0C, 0xC1, 0x05, 0x9A, 0x79, 0xA1, 0x3A, 0xA6, 0x61, 0x5D,
0x6E, 0xDF, 0xBA, 0x10, 0x6D, 0x73, 0xD3, 0x0F, 0xB3, 0xB4, 0x48, 0xCF, 0x85, 0xC2, 0xE8, 0x6B, 0x6F, 0x9E, 0x24, 0x34, 0x63,
0x29, 0xAD, 0xE4, 0xF0, 0x38, 0xEE, 0x18, 0x06, 0x18, 0x78, 0xE1, 0x71, 0x0F, 0xD3, 0x81, 0xEA, 0x47, 0x6B, 0x11, 0x22, 0x4A,
0x4E, 0xD2, 0x08, 0x61, 0xFC, 0x88, 0xA7, 0xA7, 0x3C, 0x2F, 0x5C, 0x51, 0x45, 0x48, 0x66, 0x5E, 0x59, 0x49, 0x30, 0x83, 0x0F,
0x00, 0x6E, 0x6A, 0x0E, 0x88, 0xBF, 0x03, 0xFB, 0xFA, 0x8C, 0xDC, 0x03, 0x75, 0x75, 0x5C, 0x81, 0xBA, 0x47, 0x70, 0x1D, 0xE4,
0x9F, 0x73, 0xB5, 0x13, 0x57, 0xFD, 0x88, 0x71, 0x0D, 0xF2, 0x91, 0xE9, 0xCA, 0x2A, 0xBE, 0xAD, 0x8D, 0x96, 0xBF, 0x42, 0xC1,
0x9E, 0x29, 0xAC, 0xC4, 0xF8, 0x5F, 0x07, 0x3C, 0x8A, 0x85, 0x8C, 0x21, 0x2D, 0xCA, 0xCB, 0x89, 0xF0, 0xB8, 0x59, 0x2A, 0x4A,
0xBD, 0xCA, 0x6A, 0xC6, 0x01, 0xE5, 0x50, 0x75, 0xE6, 0x83, 0x7D, 0x63, 0xF4, 0xFA, 0x16, 0x13, 0x12, 0x55, 0x35, 0x85, 0xA6,
0x2D, 0xAA, 0xC3, 0x30, 0x5E, 0x52, 0xC8, 0x8B, 0x33, 0x84, 0xA4, 0xC1, 0xAE, 0x1E, 0x8F, 0x29, 0x3E, 0x22, 0x42, 0x31, 0xFA,
0xBC, 0x67, 0x3E, 0x98, 0xBA, 0x1E, 0xBD, 0xD9, 0x3C, 0x3D, 0xE9, 0x88, 0x5E, 0x0C, 0x1B, 0x00, 0x6D, 0x99, 0xF6, 0x61, 0x89,
0x4C, 0xD6, 0xC8, 0x88, 0xA4, 0x98, 0xC4, 0x51, 0x0C, 0x27, 0x4A, 0x0A, 0x04, 0x09, 0xDB, 0x46, 0x28, 0x48, 0x4B, 0x92, 0xFE,
0xA2, 0x65, 0xC4, 0xC7, 0xC8, 0x3A, 0x1D, 0x7F, 0x85, 0x09, 0x21, 0xB0, 0xCF, 0x41, 0xEE, 0x91, 0x74, 0x1B, 0xE4, 0x16, 0xBB,
0x16, 0x72, 0xFC, 0xCE, 0x90, 0xBF, 0xEC, 0xEA, 0xC0, 0x2F, 0xEF, 0x54, 0xCA, 0x75, 0xA3, 0x21, 0x96, 0xD0, 0xCC, 0xD2, 0x4E,
0x4B, 0x4D, 0xAD, 0x06, 0x22, 0xF2, 0x29, 0x97, 0x33, 0x17, 0x4B, 0x4B, 0x24, 0x54, 0xE9, 0xDF, 0x1B, 0x91, 0xD1, 0xBA, 0x33,
0x61, 0x09, 0x2A, 0x6A, 0xE9, 0xFC, 0x9B, 0x13, 0x51, 0xE7, 0x60, 0x5D, 0xA2, 0x63, 0x57, 0xB9, 0x65, 0x89, 0xA9, 0xD3, 0xF5,
0xB6, 0x96, 0xA4, 0x3A, 0xBB, 0xBD, 0x26, 0xB2, 0x5A, 0x18, 0x9E, 0x37, 0x27, 0xAD, 0xB6, 0x6D, 0xCF, 0x72, 0x56, 0x3D, 0x16,
0x75, 0xBC, 0x0A, 0xC5, 0xCB, 0x69, 0x9E, 0x36, 0x02, 0x60, 0x79, 0x1A, 0x3C, 0x83, 0x4E, 0x42, 0xBD, 0x03, 0x43, 0x47, 0x5A,
0x2C, 0x8A, 0xD2, 0xC0, 0x6D, 0x7D, 0x73, 0xAA, 0xE0, 0xD8, 0xA5, 0x39, 0xE6, 0x38, 0x37, 0x69, 0xD5, 0x0A, 0x58, 0xDB, 0xA5,
0x6A, 0xC3, 0x34, 0xD9, 0x32, 0x39, 0xFC, 0xCA, 0xBC, 0xE0, 0xE3, 0x97, 0xFB, 0x52, 0x99, 0xFE, 0x3C, 0x86, 0x1F, 0xF4, 0xB8,
0x55, 0xB1, 0x19, 0x34, 0x6B, 0x11, 0x87, 0x81, 0x86, 0xF6, 0x15, 0x37, 0x27, 0xF8, 0x65, 0x56, 0x7C, 0x2C, 0xC1, 0x5A, 0xFB,
0xA6, 0x7C, 0xC9, 0xDC, 0x5F, 0x75, 0x6F, 0xB3, 0x52, 0x09, 0xCE, 0x81, 0xFD, 0x7D, 0x76, 0x9C, 0x60, 0x06, 0x2F, 0x62, 0xC4,
0xB7, 0x0D, 0xDC, 0xDA, 0x88, 0x16, 0x0F, 0x67, 0xF5, 0x86, 0x47, 0xE3, 0xE0, 0xCA, 0x41, 0xCA, 0x2E, 0xF9, 0x16, 0x97, 0x47,
0x18, 0xA2, 0x14, 0xDC, 0xBD, 0x53, 0x0B, 0x92, 0x2F, 0x66, 0xEE, 0x0E, 0xAB, 0x63, 0x05, 0x9D, 0x75, 0x02, 0xF3, 0x96, 0xA1,
0x64, 0x40, 0x20, 0x9E, 0xDD, 0x79, 0x0A, 0x7B, 0x6B, 0x6E, 0x11, 0xC5, 0xED, 0x79, 0x64, 0xEF, 0x29, 0x25, 0x7D, 0x46, 0x94,
0x94, 0xE3, 0x49, 0x3C, 0xE4, 0xE1, 0x7A, 0x7D, 0xAE, 0xDF, 0x0A, 0x29, 0x2D, 0x28, 0x1D, 0xAF, 0x22, 0x7D, 0xA8, 0xBC, 0x62,
0xE2, 0x92, 0x2E, 0x9A, 0x84, 0xC3, 0x16, 0x34, 0x83, 0x1E, 0xC2, 0x27, 0x20, 0x4A, 0x2E, 0x35, 0xFE, 0x8C, 0x1F, 0x96, 0xB0,
0x6F, 0xC3, 0x6F, 0x92, 0x30, 0xAD, 0xF0, 0xF4, 0xBC, 0x1F, 0xEC, 0x2D, 0xA7, 0xA6, 0xF7, 0x46, 0x95, 0x7B, 0xEB, 0x51, 0x20,
0x52, 0x00, 0x92, 0x17, 0x5F, 0x81, 0x86, 0xEF, 0x23, 0x30, 0x31, 0x9F, 0xB1, 0x1C, 0x1E, 0x0D, 0x4E, 0x91, 0x06, 0x35, 0x40,
0xD9, 0xCF, 0x38, 0x4C, 0x5C, 0x54, 0x98, 0x7F, 0x85, 0xA0, 0x07, 0x9F, 0x61, 0xEB, 0xC8, 0xCD, 0x85, 0xF5, 0x57, 0xBB, 0x83,
0x4A, 0xDB, 0x2C, 0x07, 0x89, 0x16, 0x24, 0x41, 0xB0, 0x11, 0x8E, 0x7A, 0xF6, 0xC4, 0xDF, 0xAC, 0xBE, 0xDD, 0xA9, 0xDB, 0xD5,
0x7A, 0x79, 0x31, 0x9E, 0x15, 0xF8, 0x75, 0xB2, 0xB2, 0x90, 0xAC, 0x0C, 0xB4, 0x02, 0x32, 0x2E, 0xAB, 0x2E, 0xB5, 0x5B, 0xAE,
0x6A, 0xD3, 0x25, 0xC9, 0x58, 0x03, 0xB3, 0x2E, 0xD2, 0x9E, 0x9F, 0xF1, 0x83, 0x86, 0x8B, 0x98, 0x3A, 0xAD, 0xA7, 0x5C, 0x53,
0x49, 0xDE, 0x0C, 0x42, 0x73, 0xA9, 0x35, 0x25, 0xB4, 0xCE, 0x47, 0xF8, 0x4E, 0x5E, 0x09, 0xC4, 0x83, 0xB5, 0xBA, 0x2E, 0xF8,
0xE8, 0x9E, 0xA6, 0x0D, 0x8C, 0xBF, 0x20, 0xA5, 0x84, 0x4B, 0xC2, 0xF3, 0xE0, 0xD8, 0x1F, 0x9D, 0xAB, 0x6A, 0x46, 0x01, 0x44,
0xE6, 0x19, 0x3B, 0x3E, 0x28, 0xDB, 0xB0, 0x0E, 0xD4, 0xA8, 0xC6, 0xA1, 0x6A, 0x8A, 0xD0, 0xDE, 0xF1, 0x89, 0xF1, 0x46, 0x88,
0xBB, 0x13, 0xF3, 0xD9, 0x16, 0xDA, 0x57, 0x4F, 0x46, 0xE1, 0xBB, 0x7C, 0xB7, 0x22, 0x3C, 0x31, 0xAA, 0xAD, 0x28, 0x5D, 0xCB,
0x54, 0x90, 0xA5, 0xAB, 0x2E, 0x94, 0xF2, 0xFD, 0x5D, 0xB0, 0x4A, 0x15, 0x88, 0x2C, 0xA3, 0x5C, 0x1C, 0x42, 0x72, 0x8C, 0x96,
0xF3, 0x1A, 0x22, 0xAE, 0x45, 0x4A, 0x67, 0x66, 0xA7, 0x25, 0x69, 0x7C, 0x8F, 0x0A, 0xB5, 0xEC, 0x5E, 0x8C, 0x06, 0xC0, 0x21,
0xB7, 0x68, 0x1F, 0x87, 0xE2, 0x74, 0xEC, 0xD3, 0x42, 0xB5, 0x9C, 0x36, 0xB0, 0xF4, 0xE5, 0x19, 0xFC, 0x43, 0x1B, 0x2C, 0xAE,
0x86, 0x16, 0x96, 0x9F, 0x33, 0x2A, 0xAB, 0x76, 0xF2, 0x4F, 0xB4, 0xBB, 0x5B, 0x2D, 0xA3, 0x7A, 0x21, 0xC1, 0xE5, 0x2E, 0xA9,
0x86, 0x29, 0x5D, 0xBB, 0x14, 0xCB, 0x6A, 0xD9, 0x2C, 0x2E, 0xCA, 0xD3, 0xA5, 0x1C, 0xD9, 0xAA, 0x70, 0x70, 0x26, 0x31, 0x73,
0xE5, 0x24, 0xBE, 0xC5, 0x20, 0x10, 0xCA, 0xAA, 0xED, 0x54, 0xB4, 0x57, 0x21, 0xA8, 0x69, 0x2A, 0xD0, 0x52, 0x5D, 0xC9, 0x1D,
0x27, 0xCC, 0x0F, 0x5A, 0xDC, 0xD2, 0x60, 0x39, 0x7C, 0x34, 0x8F, 0xCA, 0x2B, 0xE3, 0xE4, 0x99, 0x9B, 0x70, 0x54, 0x9B, 0x83,
0x1A, 0x3B, 0x5F, 0x1F, 0x44, 0x03, 0x04, 0x59, 0x1A, 0x5A, 0xD4, 0x3E, 0x5B, 0x06, 0x64, 0xDA, 0xF8, 0x1C, 0xEE, 0xF4, 0xFA,
0x41, 0x60, 0x0F, 0x1F, 0x38, 0xC7, 0x1E, 0x3C, 0x28, 0x30, 0xB2, 0x16, 0xF8, 0x39, 0xFB, 0x73, 0x55, 0xB8, 0x43, 0x3C, 0x0D,
0xB7, 0x3A, 0x87, 0x31, 0x6E, 0x61, 0x86, 0xDA, 0x00, 0x9E, 0x85, 0x3D, 0xAB, 0x11, 0x2E, 0x83, 0x78, 0x69, 0x34, 0x60, 0xBF,
0xB5, 0xF7, 0x1B, 0x27, 0x3D, 0x15, 0x05, 0x1D, 0xAF, 0xD5, 0x8D, 0xE8, 0x3E, 0xBB, 0x5B, 0x85, 0x12, 0x8E, 0xB8, 0x1E, 0xD5,
0xF2, 0xB2, 0x06, 0x58, 0x80, 0x75, 0x89, 0x88, 0xAA, 0xCD, 0x27, 0x63, 0x1E, 0x00, 0x92, 0xE8, 0x3A, 0x7A, 0x0B, 0x19, 0x87,
0x5D, 0xAB, 0xF1, 0x86, 0x71, 0x71, 0x8E, 0x45, 0x7F, 0xC6, 0xFD, 0xAF, 0x44, 0xB8, 0x06, 0xB5, 0x18, 0x55, 0x22, 0xD7, 0xCB,
0xA0, 0x41, 0xE1, 0xC8, 0xD7, 0x7C, 0xFB, 0x2D, 0x85, 0x1F, 0xB9, 0xF9, 0x33, 0x77, 0xED, 0x3B, 0xF4, 0x8F, 0x15, 0x66, 0x64,
0xFE, 0xF1, 0x7F, 0x5A, 0xE6, 0xB4, 0x66, 0xD9, 0xD7, 0xC1, 0x04, 0x80, 0x0A, 0xE8, 0x48, 0x17, 0x4E, 0x9A, 0x42, 0xA9, 0x01,
0x69, 0x02, 0xB7, 0xAA, 0xF2, 0x28, 0xF0, 0x90, 0xED, 0x0B, 0x52, 0x0F, 0xC5, 0x7C, 0x0C, 0xA5, 0x3B, 0x31, 0x18, 0xE4, 0xBF,
0x91, 0x55, 0xDC, 0x5C, 0x2C, 0x10, 0xE7, 0x47, 0x44, 0x69, 0xF6, 0x5E, 0xD4, 0x5F, 0xE1, 0x32, 0x78, 0x26, 0x09, 0x38, 0xA1,
0x42, 0x90, 0x9A, 0x6D, 0x58, 0x6C, 0xC0, 0xFD, 0x21, 0x92, 0xB3, 0x8B, 0xC2, 0x7C, 0x1A, 0x08, 0x67, 0x34, 0xDC, 0xFD, 0x39,
0xBA, 0x75, 0x61, 0xCE, 0xEE, 0xF2, 0xE7, 0xE8, 0xE7, 0xE8, 0xDD, 0x4A, 0x41, 0x94, 0x25, 0x8E, 0x8C, 0x5B, 0x35, 0x37, 0xE9,
0x5A, 0x0A, 0x32, 0xA8, 0x3C, 0x3D, 0xCC, 0x73, 0x92, 0x0F, 0x97, 0xBC, 0x18, 0x9E, 0x9E, 0xC9, 0xEF, 0x07, 0x08, 0x7B, 0xF9,
0x51, 0xC4, 0x72, 0x99, 0x13, 0xC4, 0xD1, 0xF3, 0x02, 0x4A, 0x86, 0x18, 0xCB, 0x43, 0x29, 0xA5, 0x78, 0x84, 0x9F, 0x1D, 0x7D,
0x36, 0x6F, 0xFE, 0x76, 0xF0, 0xF2, 0x85, 0x27, 0x54, 0xD3, 0x08, 0xE9, 0xD9, 0xA9, 0x84, 0xD0, 0x4A, 0x84, 0xBC, 0xCB, 0x2B,
0xEB, 0xDD, 0xB7, 0x86, 0x11, 0xDE, 0x05, 0x69, 0xC3, 0xB7, 0xDB, 0x36, 0x3B, 0xD2, 0xD6, 0xA0, 0xAE, 0x8B, 0x9C, 0xD4, 0x88,
0x08, 0x2F, 0x1F, 0x8B, 0x7D, 0x40, 0xA3, 0x7A, 0x2A, 0x1F, 0x0D, 0x18, 0xAA, 0x32, 0xD2, 0x46, 0x1C, 0xAE, 0xD0, 0x60, 0x68,
0x21, 0x8C, 0xA0, 0xD9, 0xC0, 0x9F, 0xC9, 0x75, 0xFA, 0x2D, 0x20, 0xDC, 0xF3, 0x19, 0x11, 0x21, 0x34, 0x71, 0x21, 0xCD, 0x14,
0xDB, 0x70, 0x65, 0x86, 0x99, 0x22, 0x6D, 0x88, 0x6D, 0xD5, 0xDD, 0xA5, 0x39, 0xDE, 0x05, 0x0E, 0x16, 0x26, 0xEE, 0x6A, 0x4C,
0x39, 0xAD, 0x92, 0x40, 0x76, 0x92, 0x11, 0x92, 0x5C, 0x95, 0xDE, 0x72, 0x9E, 0xC6, 0x6B, 0x95, 0x98, 0xD8, 0x7A, 0x5F, 0x8D,
0x86, 0x0C, 0xB4, 0xD6, 0xBB, 0x98, 0x69, 0x1E, 0xB1, 0x46, 0xD0, 0x1C, 0xD5, 0x3F, 0x02, 0xD3, 0x90, 0x35, 0x67, 0xC1, 0x55,
0x2F, 0xE4, 0xA9, 0x73, 0xDC, 0x73, 0x29, 0x9F, 0xCB, 0x56, 0xD7, 0x42, 0xFD, 0x32, 0xD6, 0x4D, 0xA5, 0x75, 0xE5, 0xB6, 0xD4,
0xC6, 0x14, 0x8E, 0xC2, 0x5C, 0x47, 0xC7, 0x7D, 0x90, 0x48, 0xC8, 0x9F, 0x37, 0x4C, 0x6C, 0x82, 0x68, 0xA9, 0x6B, 0x95, 0x5D,
0x4A, 0x57, 0x4D, 0xDE, 0x3B, 0x56, 0x3B, 0xE5, 0x89, 0xD9, 0xF7, 0x62, 0x7B, 0x4A, 0x53, 0x21, 0x4E, 0x28, 0xCB, 0x18, 0xCA,
0x5E, 0x28, 0xA7, 0x64, 0x7D, 0xC2, 0xBD, 0x56, 0x79, 0x1D, 0x90, 0xCF, 0x0D, 0xC3, 0x81, 0xC8, 0x71, 0xD0, 0xDA, 0xCE, 0x94,
0xD2, 0x5E, 0xCD, 0x68, 0xE4, 0xF6, 0xB2, 0x8D, 0x8C, 0x4F, 0x61, 0x6E, 0x64, 0x34, 0xB1, 0xB9, 0x6C, 0x13, 0x64, 0x5E, 0x64,
0xB4, 0xB0, 0xB5, 0x6C, 0x0B, 0xDC, 0x6E, 0xC6, 0x68, 0xE2, 0x4E, 0x93, 0x26, 0xCA, 0xCB, 0x8D, 0x1F, 0x07, 0x22, 0x22, 0xFB,
0x7E, 0x7A, 0x4C, 0xA8, 0x21, 0xE1, 0x0C, 0x7E, 0x87, 0x8F, 0x12, 0x7F, 0x79, 0x5F, 0x2E, 0x54, 0xC1, 0x8F, 0x57, 0x38, 0x3C,
0x68, 0x87, 0x97, 0x2A, 0x56, 0x94, 0x7F, 0x99, 0xE0, 0x12, 0x0A, 0xDE, 0x67, 0xE9, 0x8E, 0x9E, 0x82, 0x4A, 0x4A, 0x03, 0xCA,
0x2B, 0xD5, 0x5D, 0x7A, 0x76, 0x79, 0x5A, 0x49, 0xBD, 0x92, 0x42, 0x20, 0xE2, 0x06, 0x39, 0x1A, 0x34, 0x68, 0x48, 0xA5, 0xCD,
0xA8, 0x68, 0x67, 0xE1, 0x38, 0x74, 0xF7, 0xC0, 0x65, 0x26, 0xA0, 0x67, 0x51, 0xFB, 0xD8, 0x39, 0x14, 0x46, 0x21, 0x4B, 0xB7,
0xE4, 0x5C, 0x91, 0x43, 0x58, 0x37, 0x29, 0x29, 0x34, 0x9A, 0x94, 0x0D, 0x95, 0x8B, 0x23, 0xAE, 0x1D, 0x77, 0x7A, 0x10, 0xB6,
0x2A, 0xA2, 0x67, 0x7B, 0x78, 0x2A, 0x36, 0x9C, 0x56, 0x50, 0x6B, 0xCF, 0x6C, 0x8D, 0x8C, 0x14, 0x8D, 0x06, 0x31, 0x6A, 0xBB,
0x14, 0x8F, 0xBA, 0xA6, 0x15, 0x72, 0x61, 0xB3, 0x08, 0x94, 0xA6, 0x15, 0x72, 0x02, 0x6E, 0x7C, 0xFA, 0x2C, 0xE2, 0x1B, 0xF1,
0x30, 0x3E, 0x0D, 0x68, 0x9E, 0x3A, 0xE9, 0x22, 0x18, 0x15, 0x34, 0x48, 0x7F, 0xDA, 0x34, 0x9E, 0xB6, 0x8C, 0xA7, 0x3B, 0x9C,
0xEC, 0x7E, 0xD5, 0x74, 0x9F, 0xD3, 0x29, 0x5B, 0x1C, 0x6B, 0x1D, 0xB9, 0x74, 0x3A, 0xA1, 0xE0, 0x51, 0x00, 0xBB, 0xE8, 0x43,
0x2B, 0xA6, 0xD6, 0x55, 0x2F, 0x97, 0xC7, 0xD0, 0xB3, 0xCA, 0x8A, 0x85, 0x37, 0x5B, 0xE4, 0x11, 0xEF, 0xAC, 0x72, 0x1C, 0x2F,
0x0C, 0x7F, 0x4F, 0x1E, 0xA4, 0xCE, 0x2A, 0x25, 0xC8, 0x9A, 0x5E, 0x4C, 0x06, 0x96, 0xCB, 0x83, 0x06, 0x18, 0xE7, 0xB4, 0xE6,
0x1A, 0x4B, 0x06, 0x21, 0xDD, 0x1A, 0x2D, 0xA3, 0x56, 0x94, 0xDF, 0xBD, 0x1C, 0xB7, 0xE4, 0x7E, 0xBF, 0x99, 0x07, 0x6B, 0xBD,
0x75, 0xC1, 0x4E, 0x4D, 0x73, 0x2E, 0x47, 0xDB, 0x5A, 0x2D, 0xDB, 0x4E, 0xC9, 0x92, 0x90, 0xCE, 0x46, 0x19, 0x89, 0x8A, 0x63,
0x53, 0xF5, 0xD1, 0x5B, 0x5D, 0xA5, 0x80, 0x4B, 0xA5, 0x95, 0x19, 0x95, 0x7B, 0x7C, 0xFA, 0x1A, 0xD8, 0x02, 0x1D, 0x41, 0x61,
0xE6, 0xA1, 0x21, 0xB0, 0xE6, 0xE5, 0x59, 0xD7, 0x88, 0xB4, 0xC2, 0xAE, 0x68, 0xE5, 0x76, 0xC3, 0x56, 0xB8, 0x79, 0x71, 0x45,
0x1B, 0x9B, 0x0D, 0xDB, 0x20, 0xCB, 0xD9, 0x8A, 0x26, 0xB6, 0x1A, 0x36, 0xC1, 0x4D, 0x42, 0x2B, 0xDA, 0xB8, 0xE3, 0xF2, 0xF5,
0x6A, 0xE0, 0xDB, 0xC5, 0x44, 0xB4, 0x72, 0x46, 0xEC, 0x24, 0x5D, 0x3F, 0x7B, 0xD2, 0xCD, 0x2B, 0x37, 0x87, 0x4D, 0x85, 0xC3,
0x96, 0xCB, 0xD0, 0x35, 0xEF, 0x87, 0x1C, 0xAA, 0x78, 0x12, 0x7B, 0xAE, 0x13, 0xF9, 0x73, 0x6E, 0xAE, 0xDA, 0xED, 0xCB, 0x37,
0xCF, 0x61, 0xE9, 0xF4, 0x14, 0x53, 0x23, 0xAE, 0xB2, 0xD0, 0xB3, 0x20, 0x98, 0x6D, 0x7C, 0x06, 0xC7, 0xAE, 0x94, 0xFC, 0xB4,
0x66, 0x3E, 0x25, 0x9C, 0x8F, 0x54, 0x16, 0xC4, 0x17, 0x7C, 0x74, 0xFE, 0x24, 0xEF, 0x83, 0x90, 0x41, 0xFA, 0xA0, 0x91, 0x9A,
0x84, 0xFB, 0xA1, 0xF1, 0x94, 0x84, 0x3C, 0x0F, 0x5B, 0x20, 0xA2, 0xEB, 0x4F, 0xCE, 0x49, 0xC6, 0xAC, 0x3B, 0x83, 0x71, 0x27,
0x20, 0x44, 0x14, 0x82, 0x49, 0x44, 0xC4, 0x93, 0x1D, 0x8A, 0x44, 0x46, 0x90, 0x48, 0xD3, 0xD0, 0x7A, 0x34, 0xCD, 0xF1, 0x4A,
0xDE, 0x09, 0xCF, 0xE5, 0x26, 0x8A, 0x41, 0xD9, 0x0D, 0x1F, 0x39, 0xF2, 0x94, 0xE2, 0x09, 0x80, 0xA1, 0x2B, 0xC2, 0xBC, 0xA5,
0x13, 0x1A, 0x4C, 0x2A, 0x52, 0x08, 0xE8, 0xC3, 0x0F, 0x94, 0xEB, 0x03, 0xF4, 0x87, 0x3A, 0x49, 0xDB, 0x90, 0x85, 0xE0, 0x3E,
0x0E, 0x05, 0x11, 0x60, 0x76, 0x2C, 0xE4, 0xE5, 0x88, 0x53, 0x97, 0xF1, 0xCC, 0xC2, 0x68, 0xCA, 0xCF, 0x7B, 0xA1, 0x8A, 0x63,
0x91, 0xEA, 0x8E, 0xE7, 0x14, 0x10, 0x6B, 0xE0, 0xD9, 0xC6, 0x9E, 0xDC, 0x71, 0xC7, 0xA1, 0x39, 0x3C, 0x22, 0x40, 0xE6, 0xC6,
0x70, 0x76, 0x79, 0x11, 0x61, 0xA4, 0xD3, 0x2D, 0x1B, 0x8F, 0x56, 0xB5, 0x27, 0xAD, 0xD2, 0x44, 0x73, 0x32, 0x2E, 0x00, 0x52,
0x48, 0x76, 0x2C, 0x3F, 0x9D, 0x7C, 0x0D, 0x11, 0x6E, 0x76, 0x75, 0xD5, 0xD5, 0xBE, 0xE9, 0x61, 0xB2, 0xCC, 0xC8, 0xAD, 0x9A,
0x35, 0x73, 0x58, 0xD8, 0xC7, 0xA2, 0xD9, 0x98, 0x0D, 0x2C, 0x9A, 0x94, 0x33, 0x0A, 0x9A, 0xCB, 0x42, 0x91, 0x54, 0xEA, 0xB9,
0xE1, 0xE9, 0x9E, 0xAB, 0x56, 0xA9, 0x6D, 0xCD, 0x7D, 0xA5, 0x39, 0xAC, 0xF4, 0x4A, 0x95, 0x60, 0xAA, 0x6F, 0xB9, 0x1E, 0x42,
0xA6, 0xDF, 0xCA, 0xE2, 0x45, 0x97, 0x3E, 0x21, 0xCB, 0xAC, 0xB6, 0xAA, 0x52, 0xB3, 0xCC, 0xD5, 0xAD, 0x2E, 0x5A, 0xDF, 0xC2,
0x11, 0x64, 0xD1, 0xD8, 0x95, 0x97, 0x45, 0xF3, 0xA1, 0xE7, 0x35, 0x2A, 0x47, 0x5E, 0xD3, 0x66, 0xFD, 0xC0, 0x35, 0xC7, 0x8A,
0x45, 0xE3, 0xCE, 0x9D, 0x16, 0x9A, 0x0F, 0xBC, 0xA8, 0x52, 0x39, 0xF2, 0xBA, 0x56, 0xEB, 0x87, 0xAE, 0x7B, 0x2A, 0x38, 0xC6,
0x6E, 0xF1, 0x05, 0xD5, 0x76, 0x20, 0x3A, 0xBF, 0xC4, 0x6D, 0x8D, 0x94, 0xE9, 0x88, 0x25, 0x9C, 0x9C, 0xF2, 0x80, 0x7C, 0xE5,
0x3B, 0xBB, 0xE5, 0x46, 0x1A, 0xA9, 0x20, 0xC1, 0xA4, 0x32, 0xE5, 0x2E, 0x10, 0x2D, 0x2D, 0xB6, 0xD3, 0x65, 0x49, 0x1C, 0xE4,
0x32, 0x34, 0xE0, 0x9C, 0x06, 0xAC, 0x84, 0xF3, 0xB3, 0xD4, 0xEC, 0x42, 0x2A, 0x67, 0xB9, 0x9F, 0xF1, 0x40, 0x67, 0x41, 0xF9,
0x09, 0x05, 0xC6, 0xD9, 0xE4, 0x73, 0x77, 0x9C, 0xB5, 0x65, 0xE9, 0x81, 0xDE, 0x5A, 0x55, 0x49, 0x34, 0x62, 0x76, 0x54, 0xD3,
0xAA, 0x49, 0x7D, 0xAC, 0x6A, 0xC6, 0xB7, 0x85, 0x2D, 0x50, 0x24, 0xED, 0x8A, 0x06, 0xE8, 0x53, 0x55, 0x7D, 0x15, 0x6D, 0x9B,
0x18, 0x15, 0xD3, 0x13, 0x04, 0x19, 0x68, 0x93, 0x73, 0x25, 0x11, 0xEA, 0xB4, 0xBF, 0xCE, 0xCB, 0x3E, 0xDB, 0x6B, 0x17, 0xFC,
0x0D, 0x22, 0x82, 0x21, 0x88, 0x16, 0x42, 0x83, 0x7D, 0x5B, 0x9D, 0x40, 0x2D, 0xFF, 0xAF, 0x79, 0x0F, 0xCF, 0x8D, 0x2E, 0xD6,
0xAF, 0xBF, 0x8B, 0xD7, 0x81, 0xD1, 0xC3, 0xED, 0xEB, 0xEF, 0x01, 0x98, 0x08, 0xBE, 0xC3, 0xE8, 0xE5, 0xEE, 0xF5, 0xF7, 0x42,
0x34, 0xC9, 0x5C, 0x8E, 0x2D, 0xDE, 0x49, 0xD5, 0x7A, 0x23, 0xD8, 0x36, 0x0F, 0x8B, 0x55, 0xF5, 0x99, 0x63, 0x61, 0xC5, 0x67,
0xB1, 0x47, 0xEB, 0xB0, 0x14, 0xFD, 0xBF, 0x3B, 0x0C, 0x27, 0x64, 0x3A, 0x50, 0x59, 0xE6, 0xF2, 0x1D, 0xDB, 0x36, 0x35, 0x6A,
0x97, 0x85, 0xC3, 0x4F, 0xC5, 0x06, 0xBF, 0x2D, 0x37, 0xB8, 0x3C, 0xF8, 0x1A, 0xED, 0x70, 0xED, 0x80, 0x35, 0xB6, 0x79, 0x7E,
0x4D, 0x75, 0x4F, 0x52, 0xAF, 0xD6, 0x60, 0xBF, 0xE7, 0xAD, 0x39, 0xBA, 0x5E, 0xD0, 0x45, 0xED, 0x52, 0x14, 0x41, 0xE6, 0x1B,
0xAC, 0xC7, 0x92, 0xD0, 0xDC, 0x2C, 0xC8, 0x25, 0x4E, 0xE2, 0x86, 0xE4, 0x52, 0x9E, 0xF6, 0x16, 0xC5, 0xE4, 0xF7, 0xF8, 0x2A,
0x64, 0x52, 0x55, 0x1A, 0x91, 0x4D, 0xDE, 0x52, 0xA9, 0xCB, 0xDA, 0xC6, 0x17, 0xE0, 0xB2, 0x88, 0x96, 0x7F, 0xFD, 0xE0, 0xDB,
0x92, 0xE0, 0xE3, 0x77, 0xB4, 0x46, 0xD0, 0x53, 0x1C, 0x87, 0x01, 0x3C, 0x21, 0xDD, 0x70, 0x0F, 0x2D, 0xAF, 0xD0, 0x00, 0x74,
0xA2, 0x1D, 0xBB, 0xBB, 0xBA, 0x96, 0x6B, 0xE1, 0x26, 0x63, 0xFE, 0x5F, 0x11, 0x6C, 0x1C, 0x30, 0x46, 0x82, 0x8B, 0x5A, 0xC0,
0xE4, 0x0C, 0x8D, 0x01, 0x19, 0x29, 0xD0, 0x71, 0x77, 0x5F, 0x54, 0x69, 0x00, 0x1B, 0xD9, 0x52, 0xA9, 0xCB, 0xDA, 0xC6, 0x6B,
0xC1, 0xA3, 0xB2, 0x13, 0x2C, 0x0D, 0x9F, 0x92, 0x2B, 0xA7, 0x61, 0xF5, 0x5E, 0x15, 0x9B, 0x4B, 0x5A, 0xC4, 0x11, 0x7B, 0x55,
0x6B, 0xE1, 0x7E, 0x45, 0x3B, 0xF4, 0x3C, 0x36, 0x6E, 0x90, 0x51, 0xF2, 0x68, 0x25, 0xAD, 0xB0, 0x8D, 0x0C, 0xF3, 0xB8, 0xA4,
0x1A, 0xC3, 0x55, 0x76, 0x48, 0xED, 0x3B, 0x9C, 0x7F, 0x4F, 0x02, 0xEE, 0x8B, 0xBA, 0xB6, 0x81, 0xAC, 0x59, 0xCC, 0x76, 0x4F,
0xDD, 0x21, 0x45, 0x75, 0x46, 0x76, 0xF6, 0x32, 0xFB, 0xE0, 0x14, 0x09, 0x8F, 0x26, 0x94, 0x66, 0xB4, 0xBD, 0x53, 0xD3, 0xF9,
0x6D, 0x77, 0xE7, 0x65, 0x77, 0xD8, 0x4F, 0xD1, 0xF9, 0xA6, 0xBB, 0xF3, 0x92, 0x7B, 0xF9, 0xA7, 0xE8, 0x7B, 0xEB, 0xF7, 0x84,
0xFA, 0x9D, 0xCF, 0x0C, 0x75, 0xD5, 0x99, 0x61, 0x36, 0x56, 0x7D, 0x21, 0x28, 0x09, 0x5A, 0x45, 0x20, 0x59, 0x13, 0x8B, 0x8B,
0x2B, 0xA0, 0x33, 0xAE, 0xBD, 0x65, 0x38, 0xA7, 0xE5, 0x4B, 0xE2, 0x59, 0x25, 0xA7, 0x73, 0x9E, 0x71, 0x3B, 0xCD, 0x90, 0x60,
0x13, 0x83, 0x1F, 0xB1, 0xD9, 0x07, 0x24, 0xBA, 0x15, 0x89, 0x9F, 0x5F, 0xC4, 0xDC, 0xA4, 0x35, 0x25, 0xE7, 0x14, 0xA1, 0x07,
0xE6, 0x69, 0xBA, 0xF3, 0x41, 0x89, 0x9C, 0x43, 0x6D, 0xB7, 0xD9, 0x5E, 0x73, 0x9F, 0xB9, 0x9A, 0x4A, 0x9A, 0xBC, 0xD8, 0x08,
0x73, 0xE5, 0x0E, 0x7D, 0xD3, 0xA4, 0x99, 0x9A, 0xCE, 0x9B, 0xC0, 0xAF, 0xED, 0x36, 0x71, 0xD4, 0x9C, 0x96, 0x64, 0xA4, 0x3C,
0xEE, 0xB3, 0x54, 0x61, 0x7A, 0x6D, 0x68, 0x55, 0xB1, 0x1E, 0xD5, 0x61, 0x45, 0xF1, 0xB5, 0x5D, 0x8E, 0x12, 0x84, 0xB7, 0x1E,
0x5F, 0x43, 0x79, 0x62, 0xB4, 0xC9, 0x84, 0xBB, 0x77, 0x0C, 0x31, 0xFA, 0x8C, 0xA7, 0x49, 0x65, 0x8E, 0xDC, 0xC3, 0x3C, 0x5A,
0x7C, 0xDB, 0xD9, 0x94, 0x3E, 0xC1, 0x77, 0x8B, 0xD2, 0x1A, 0x53, 0xC3, 0xBD, 0xF4, 0x04, 0x02, 0xD9, 0x53, 0x4A, 0x30, 0x7D,
0xEB, 0x42, 0x52, 0x59, 0x3E, 0x5F, 0x8F, 0xD3, 0xD9, 0xCB, 0xDA, 0xA4, 0xCF, 0x76, 0x5B, 0x18, 0xF6, 0x59, 0x6F, 0x8D, 0xCD,
0x02, 0xC2, 0x38, 0x91, 0x1E, 0x50, 0xE5, 0xF3, 0x0A, 0x90, 0x34, 0x0E, 0xAF, 0x70, 0x36, 0x45, 0xC7, 0xE8, 0x29, 0x0F, 0xFC,
0x87, 0x0E, 0xE4, 0x4B, 0x67, 0xB6, 0xC0, 0x72, 0xBE, 0x41, 0x95, 0x86, 0xCB, 0x87, 0x2A, 0x8F, 0x0D, 0x8F, 0xF5, 0x84, 0xDD,
0xB2, 0x59, 0x3A, 0x44, 0x2E, 0x17, 0xB7, 0xE6, 0x4E, 0x02, 0xCE, 0xF7, 0x50, 0xDE, 0x94, 0x3C, 0x2A, 0xC9, 0xC2, 0xEE, 0x45,
0x2C, 0x45, 0x00, 0x69, 0xEB, 0xF2, 0x6A, 0x99, 0xB0, 0x6B, 0x81, 0x5F, 0x99, 0x74, 0x5B, 0xE6, 0x22, 0xB3, 0x13, 0x9C, 0x4D,
0xF9, 0x9F, 0x31, 0x19, 0x6F, 0x21, 0x8B, 0x63, 0x1C, 0x71, 0xD9, 0x21, 0xB2, 0x38, 0x1B, 0xAE, 0x03, 0x85, 0xFB, 0x61, 0x02,
0xCB, 0x16, 0xCC, 0x89, 0x30, 0xF8, 0xB2, 0x8B, 0x85, 0xB0, 0x52, 0x47, 0xC3, 0x37, 0x09, 0x1A, 0x56, 0x9E, 0x3E, 0xD9, 0x99,
0x11, 0xED, 0xEA, 0x89, 0xBE, 0xDF, 0x95, 0xD0, 0x74, 0xD1, 0x1E, 0xD5, 0xC3, 0x3E, 0xA2, 0x45, 0xCB, 0x62, 0xCB, 0xB2, 0xA4,
0x6A, 0xE8, 0xED, 0x55, 0x4B, 0x6B, 0x9D, 0x29, 0x3F, 0xAE, 0x9D, 0xD4, 0xE6, 0x43, 0x6A, 0x40, 0x69, 0x1B, 0x78, 0x52, 0x57,
0xD7, 0xF9, 0x28, 0x3A, 0xEB, 0x6A, 0xA5, 0xA6, 0xEB, 0x06, 0xA0, 0xAB, 0xA0, 0xB2, 0x39, 0x38, 0x9A, 0x12, 0xD9, 0xAB, 0x92,
0xD8, 0x6B, 0x23, 0xB0, 0x0D, 0xC8, 0xEB, 0xF5, 0x11, 0xD7, 0xCF, 0x4A, 0x5A, 0xDD, 0x84, 0x55, 0x25, 0x38, 0x54, 0x4D, 0x2A,
0x27, 0xB9, 0x4B, 0x66, 0xBD, 0x60, 0x2A, 0x5A, 0x3D, 0x3C, 0x96, 0x79, 0xC0, 0x7A, 0x0A, 0xBE, 0xDF, 0x5E, 0x44, 0x81, 0x3F,
0x0D, 0xFD, 0x5D, 0x02, 0xA2, 0x6A, 0x6D, 0x38, 0x21, 0xE5, 0xF8, 0x50, 0xFC, 0x22, 0xFA, 0x0A, 0x3C, 0x58, 0xAF, 0x4C, 0xFD,
0xEE, 0xA6, 0xCA, 0x10, 0x67, 0x93, 0x5B, 0x97, 0x9E, 0x7E, 0x32, 0xA7, 0xCC, 0xB6, 0xD7, 0x54, 0x47, 0x91, 0xE3, 0x15, 0xF2,
0x69, 0x6E, 0x29, 0xEA, 0x2C, 0x13, 0x2A, 0x00, 0x9A, 0x6A, 0x07, 0x72, 0x90, 0xB6, 0x2F, 0x4B, 0x34, 0xDB, 0x4F, 0x08, 0x25,
0xE6, 0xB3, 0x66, 0x64, 0xFB, 0x5A, 0x07, 0x6C, 0x8F, 0xB7, 0x92, 0xEE, 0xF6, 0x04, 0x62, 0x34, 0x9B, 0x0A, 0x05, 0xC5, 0xFC,
0x98, 0xC9, 0x2C, 0x3C, 0x0C, 0xD5, 0xE8, 0xAE, 0xE7, 0x2C, 0xAC, 0x42, 0x35, 0xD7, 0x7B, 0xFB, 0x14, 0x5C, 0x40, 0x40, 0x6B,
0x8E, 0xC0, 0xCB, 0x06, 0x96, 0x98, 0x6E, 0x67, 0x2C, 0xDB, 0x6C, 0x91, 0x6C, 0xED, 0x0F, 0xE3, 0xD7, 0x1C, 0x46, 0x83, 0x37,
0x2D, 0x7F, 0x92, 0xED, 0x91, 0x5D, 0x25, 0xFD, 0x90, 0x82, 0x50, 0xF1, 0x00, 0x69, 0x83, 0xFC, 0xA1, 0xDE, 0xF0, 0xA8, 0xF1,
0xB2, 0x28, 0x22, 0xC3, 0xCB, 0x5F, 0xA6, 0x10, 0xD5, 0x78, 0x97, 0x37, 0xAC, 0x4C, 0xED, 0x9E, 0xF2, 0x9D, 0xDC, 0x7A, 0x6B,
0x46, 0xF1, 0xCF, 0xC7, 0x45, 0x39, 0xBE, 0xF5, 0xE1, 0x61, 0xEC, 0x62, 0x4E, 0x6E, 0xFF, 0xB4, 0x37, 0x28, 0xFB, 0x76, 0xA7,
0x12, 0x1C, 0xA6, 0xEB, 0x59, 0x29, 0x6D, 0x8A, 0xED, 0x3C, 0xA2, 0x8A, 0x96, 0xE3, 0xE7, 0xE6, 0x4A, 0x96, 0x54, 0xD3, 0xCE,
0x68, 0x42, 0x14, 0x53, 0xA5, 0x22, 0xCB, 0xD1, 0xAF, 0xEA, 0x62, 0xB6, 0x7A, 0xA5, 0xAC, 0x9D, 0x6E, 0x50, 0x59, 0x6A, 0x56,
0xD2, 0xD2, 0xBB, 0xCA, 0xAA, 0x9A, 0x52, 0x25, 0xD5, 0x1F, 0xE1, 0x28, 0xB3, 0xB1, 0x56, 0xAE, 0x60, 0x8A, 0x9C, 0x53, 0x5B,
0x72, 0xED, 0xEA, 0x43, 0x17, 0x3B, 0xA7, 0xDA, 0x53, 0xE5, 0x90, 0x0A, 0x59, 0x6C, 0x6A, 0x0A, 0x73, 0x2B, 0x8B, 0xE7, 0x93,
0x16, 0xBF, 0x2B, 0x8A, 0x6A, 0x92, 0xCA, 0xD4, 0x90, 0x73, 0x56, 0x15, 0x96, 0xCD, 0xCA, 0x9F, 0x15, 0x05, 0x75, 0x21, 0x5F,
0x6A, 0x4A, 0x09, 0x2B, 0x8B, 0xCB, 0x86, 0xD5, 0x6F, 0x55, 0xB4, 0xD6, 0x47, 0x39, 0xE5, 0x9C, 0x02, 0x5F, 0x97, 0x7A, 0x3B,
0xAA, 0x72, 0xED, 0xAE, 0x66, 0xC5, 0xC5, 0x28, 0x94, 0x05, 0xD1, 0x14, 0x0A, 0xBB, 0x8E, 0xCD, 0xE5, 0xE8, 0x4B, 0x98, 0xC1,
0x74, 0x84, 0x69, 0x0A, 0x0C, 0x5D, 0x78, 0x40, 0xE3, 0x96, 0x78, 0x44, 0xEA, 0x6F, 0x7A, 0x35, 0x0C, 0x78, 0x68, 0x8D, 0x71,
0x48, 0xBC, 0x2F, 0x97, 0x98, 0x68, 0x3D, 0x44, 0xF1, 0x19, 0xEC, 0xA9, 0x7B, 0xC4, 0x2D, 0x4E, 0x64, 0x4C, 0x64, 0x70, 0xBE,
0x67, 0x27, 0xE8, 0x85, 0x4C, 0x61, 0xB8, 0xED, 0x51, 0x8B, 0x5A, 0xE9, 0x64, 0x70, 0x94, 0x3F, 0x47, 0xB0, 0x63, 0x8A, 0x8A,
0x80, 0x36, 0x4F, 0x10, 0xED, 0x98, 0x72, 0x29, 0x71, 0x1A, 0xE0, 0x0B, 0x33, 0x74, 0x6E, 0x22, 0x8F, 0xF8, 0xD2, 0x01, 0xDE,
0x05, 0x5A, 0x27, 0x3C, 0x2A, 0x89, 0x4C, 0x79, 0x26, 0x82, 0x7D, 0x04, 0xCA, 0xE4, 0xC5, 0xD0, 0x9F, 0xE7, 0xD9, 0xD4, 0xF2,
0x30, 0x4C, 0xC6, 0x5B, 0x82, 0xA7, 0x09, 0xD9, 0x52, 0x1B, 0xD2, 0xD0, 0x25, 0xCF, 0x17, 0x64, 0xD2, 0x80, 0x1D, 0x47, 0x79,
0xCB, 0xBC, 0xC3, 0x51, 0xB3, 0x42, 0x61, 0x7A, 0x15, 0xAD, 0x26, 0x72, 0x50, 0x7C, 0xD5, 0x71, 0x6D, 0xE8, 0x6F, 0x74, 0x5F,
0xEF, 0x2B, 0x69, 0x33, 0x6B, 0x9A, 0x5E, 0x5F, 0xBA, 0x69, 0x43, 0x8B, 0x59, 0xD3, 0xF2, 0xED, 0xA5, 0x5B, 0x2E, 0x69, 0x2F,
0x6B, 0x5A, 0xBF, 0xBB, 0x74, 0xEB, 0x96, 0xD6, 0xB2, 0x0E, 0xDC, 0x5B, 0x8E, 0xC6, 0x75, 0xDB, 0x99, 0x12, 0x22, 0x68, 0x1F,
0x5D, 0x78, 0xA4, 0xAC, 0x56, 0x1C, 0x08, 0x24, 0x3F, 0xED, 0x38, 0x30, 0x5E, 0x5A, 0x8C, 0x94, 0x2A, 0xA9, 0x2F, 0xE5, 0x3A,
0x85, 0xAD, 0x46, 0xA9, 0x52, 0xFE, 0xC9, 0x91, 0x17, 0xA5, 0x08, 0x9D, 0x57, 0x6C, 0xAD, 0xE2, 0x25, 0xED, 0xA7, 0xCD, 0x55,
0xCB, 0xD0, 0x7F, 0xC6, 0x93, 0xFB, 0x74, 0xAA, 0xDB, 0xE8, 0xB3, 0xF5, 0x4D, 0xC8, 0xAD, 0xFF, 0xCC, 0xD6, 0x56, 0x57, 0x6B,
0xBB, 0xCC, 0xC2, 0x6C, 0x42, 0x5D, 0xF2, 0xB4, 0x59, 0xE0, 0x9C, 0xE0, 0xFA, 0x33, 0xA3, 0x1C, 0x45, 0xC8, 0xBA, 0xF6, 0xA7,
0x96, 0x6B, 0x1B, 0x97, 0x42, 0xD1, 0xA5, 0xDE, 0xE1, 0x4F, 0x16, 0x95, 0x06, 0x3D, 0xE1, 0xBE, 0x21, 0x30, 0x06, 0x54, 0xF1,
0xEC, 0x56, 0x2A, 0xD3, 0x23, 0xC8, 0xB0, 0x04, 0x96, 0x95, 0xB4, 0x19, 0x38, 0x6F, 0x71, 0xDD, 0x8A, 0x71, 0x1A, 0x81, 0xE3,
0xD2, 0x3C, 0x5A, 0xDC, 0x82, 0xF1, 0xF2, 0x38, 0x74, 0x2B, 0x35, 0xA9, 0x07, 0xEA, 0xC6, 0x5C, 0x04, 0xBE, 0x6B, 0x52, 0xDF,
0x39, 0x04, 0x3D, 0xF5, 0xF2, 0x0A, 0x11, 0x5A, 0xFA, 0xD5, 0x75, 0x0F, 0xB7, 0xF0, 0xBD, 0xA1, 0x92, 0xF9, 0x53, 0x45, 0xE9,
0xB4, 0xEC, 0xC8, 0x23, 0x9B, 0xD7, 0x5E, 0x56, 0xD5, 0xC5, 0x24, 0xE1, 0xB3, 0x15, 0x88, 0x3A, 0xF2, 0xA1, 0xA6, 0x2C, 0x6F,
0x0B, 0x0E, 0x13, 0xC2, 0x91, 0x24, 0xCD, 0xAB, 0x59, 0xEF, 0x2B, 0x5A, 0x10, 0x30, 0x50, 0xFE, 0x70, 0xBC, 0xB2, 0x88, 0xD2,
0xDA, 0xA8, 0xFC, 0x63, 0x28, 0x48, 0xCE, 0xB5, 0x4A, 0xFC, 0xB9, 0xB6, 0xE6, 0x0F, 0x90, 0x7B, 0xC0, 0x80, 0x96, 0xD7, 0x39,
0x13, 0xBF, 0x6B, 0xE6, 0xA6, 0x79, 0xB8, 0x7C, 0xD5, 0x49, 0x79, 0x6C, 0x1A, 0xF5, 0x8A, 0x36, 0xAC, 0x30, 0x26, 0xAF, 0xA9,
0xAF, 0x79, 0xBC, 0xA8, 0xFA, 0xEA, 0x55, 0xA3, 0xFA, 0xA6, 0x77, 0x8E, 0x80, 0xAB, 0xF6, 0x8E, 0xDA, 0x30, 0x6D, 0xDF, 0x4B,
0x2D, 0x58, 0xCE, 0x16, 0xA2, 0x09, 0xFD, 0x65, 0x31, 0x8E, 0xEA, 0x46, 0x4C, 0xFF, 0x9B, 0x8E, 0x68, 0x44, 0x7B, 0x99, 0x8F,
0x63, 0x41, 0x1B, 0x72, 0x1E, 0x5A, 0x03, 0xC6, 0x2C, 0xEA, 0x97, 0xDC, 0xF0, 0x68, 0xC1, 0x31, 0x54, 0x3C, 0xD7, 0xD6, 0xD3,
0xBD, 0x57, 0x10, 0xB5, 0x54, 0x3D, 0xBD, 0xF2, 0x47, 0x72, 0xE0, 0xD6, 0xE4, 0x2B, 0x6D, 0xC0, 0x51, 0x75, 0x1F, 0x17, 0xCD,
0x13, 0xB8, 0xB4, 0xA9, 0xE0, 0xAB, 0x05, 0xC5, 0xB1, 0x3F, 0x52, 0xC3, 0xEB, 0xB0, 0xC1, 0x5B, 0xB5, 0x68, 0xC7, 0xF2, 0x51,
0x58, 0x9D, 0x53, 0x8B, 0xA4, 0x7F, 0x92, 0x58, 0x90, 0xD4, 0x53, 0xCF, 0xDD, 0x4A, 0x5A, 0xF7, 0x74, 0x12, 0x0A, 0xD2, 0x71,
0x84, 0x1F, 0xD5, 0xC5, 0x44, 0x48, 0x54, 0x2A, 0x97, 0xD1, 0xAF, 0x8A, 0x82, 0x13, 0x3B, 0xAE, 0x2A, 0x0E, 0x6E, 0xE3, 0x55,
0x75, 0x07, 0x50, 0x59, 0x4F, 0x53, 0x12, 0xE7, 0x49, 0x3A, 0x96, 0xF9, 0xF4, 0x50, 0x51, 0x1E, 0x89, 0xA5, 0x5E, 0x25, 0x61,
0x9C, 0x84, 0x99, 0xD8, 0xE4, 0xDA, 0xB3, 0xCB, 0xDB, 0xAB, 0x08, 0x0D, 0x5B, 0x1E, 0x7E, 0x55, 0x48, 0x58, 0xAD, 0x64, 0x99,
0x39, 0xC8, 0x33, 0xBD, 0xE9, 0xDC, 0x70, 0xFE, 0x32, 0xDD, 0x71, 0xD7, 0xC0, 0xCD, 0xDE, 0x2E, 0x4F, 0x97, 0xFD, 0x72, 0x69,
0x3D, 0xF9, 0x9B, 0x56, 0x43, 0x7F, 0x4D, 0x78, 0xB4, 0xEA, 0xE4, 0xC1, 0x8A, 0x94, 0xF1, 0x5A, 0x55, 0xE3, 0x3D, 0x67, 0xD1,
0x57, 0x6D, 0x9E, 0x02, 0x30, 0xFC, 0x7B, 0x32, 0xE1, 0xA5, 0xE5, 0x4F, 0xF3, 0x90, 0xCC, 0x4B, 0x2D, 0x4E, 0x2E, 0xA8, 0xE5,
0xFD, 0x2A, 0xA5, 0xAE, 0x14, 0x79, 0xA7, 0x9E, 0xF0, 0xA0, 0x87, 0x14, 0x9E, 0x45, 0xB5, 0x67, 0x71, 0x8E, 0xEF, 0x44, 0xB9,
0x37, 0x7C, 0x0A, 0x83, 0xD6, 0xAD, 0x0B, 0x31, 0xA6, 0xCB, 0xD6, 0x5B, 0x2D, 0x31, 0x48, 0x51, 0x59, 0x4B, 0xCE, 0x58, 0xB4,
0xFE, 0x40, 0xCD, 0xC9, 0x30, 0x3E, 0x73, 0x7B, 0xD5, 0x36, 0xF1, 0x79, 0xED, 0xC8, 0x45, 0xE3, 0xCE, 0x56, 0xFA, 0x59, 0xBB,
0x98, 0x48, 0x94, 0x73, 0x97, 0x6B, 0x9C, 0x70, 0x49, 0x25, 0x4B, 0x90, 0x37, 0x75, 0x04, 0x8D, 0x13, 0x9A, 0x3B, 0x9A, 0x55,
0x1F, 0xCB, 0xAD, 0x96, 0x35, 0xB4, 0x02, 0x33, 0xF5, 0x71, 0xBC, 0x79, 0x5B, 0x2E, 0xAE, 0x64, 0x6C, 0xBC, 0xF4, 0x48, 0x6B,
0x5E, 0x2B, 0xBC, 0x5C, 0x38, 0xC3, 0x92, 0x88, 0x49, 0xDF, 0xEE, 0xE1, 0x78, 0x45, 0xA4, 0x83, 0x6A, 0xE0, 0xA3, 0x14, 0x8E,
0xCD, 0x3B, 0x86, 0x1E, 0xFE, 0xCE, 0xE1, 0x0D, 0x55, 0x97, 0xF3, 0xC4, 0x11, 0xEC, 0x6C, 0x6C, 0x97, 0xB4, 0x55, 0x42, 0x65,
0xC9, 0x56, 0x39, 0x21, 0x5B, 0x49, 0xA8, 0xC5, 0x8B, 0x84, 0x5A, 0x2A, 0x46, 0xB7, 0x03, 0xDB, 0xC2, 0xE1, 0xEB, 0xEE, 0x3C,
0x17, 0xEE, 0x58, 0xEC, 0xA5, 0x09, 0x74, 0xAF, 0x70, 0x41, 0x4F, 0x83, 0x7A, 0x88, 0xE8, 0x48, 0x56, 0x3D, 0xE8, 0xBA, 0xC4,
0x27, 0x4E, 0xD0, 0xBB, 0x2B, 0xD4, 0xAC, 0x40, 0x49, 0x16, 0x58, 0xBF, 0x16, 0x96, 0xF0, 0xCF, 0x5C, 0x95, 0xA6, 0xF3, 0x68,
0xB4, 0x06, 0xEE, 0x99, 0x74, 0xAF, 0x49, 0xF6, 0x61, 0x2E, 0x4F, 0x25, 0xD4, 0x9A, 0xAC, 0x92, 0xD3, 0x63, 0xA6, 0xB3, 0x60,
0x79, 0x24, 0xFC, 0x1A, 0xCA, 0x67, 0x9B, 0x14, 0xAB, 0x18, 0xF5, 0x75, 0x08, 0x8B, 0xAA, 0x66, 0x5E, 0x97, 0x27, 0xC6, 0x31,
0xFD, 0x89, 0xB3, 0x78, 0x25, 0x6E, 0x9A, 0xE2, 0xDF, 0x1A, 0xB4, 0xD4, 0x85, 0xBE, 0x1F, 0x49, 0x26, 0x2A, 0x3C, 0x88, 0xAA,
0xF1, 0xD4, 0x3D, 0xA7, 0xEE, 0x47, 0xC9, 0x64, 0x74, 0xDC, 0xAC, 0x84, 0x59, 0x33, 0xFA, 0x51, 0x95, 0x5A, 0xC6, 0x89, 0x9C,
0xE5, 0xC2, 0x35, 0x74, 0xA3, 0x10, 0x9C, 0xD7, 0x12, 0x0C, 0x25, 0x30, 0xFF, 0x68, 0xF2, 0xED, 0xF0, 0x8D, 0xAA, 0xA3, 0x1E,
0xE5, 0xB9, 0x74, 0xAF, 0x2C, 0xED, 0x32, 0x69, 0x85, 0x13, 0x4A, 0x4D, 0x56, 0xA3, 0x32, 0xFF, 0x8C, 0x63, 0x31, 0xD2, 0x72,
0xD9, 0xCA, 0xB5, 0xD0, 0x54, 0x0D, 0x35, 0x4B, 0x91, 0xEB, 0x18, 0x3E, 0x72, 0x25, 0x5C, 0xCE, 0x5E, 0xD5, 0x0B, 0xE1, 0x98,
0x47, 0xF7, 0x8A, 0xF2, 0x43, 0x7D, 0x15, 0xDC, 0xE0, 0x69, 0xB2, 0x08, 0xD5, 0xA9, 0x69, 0x1C, 0xAB, 0x30, 0x75, 0x14, 0xAE,
0x5C, 0x06, 0x5D, 0x37, 0x53, 0xB3, 0x0E, 0x85, 0x4E, 0xE6, 0x23, 0x17, 0xC2, 0xE9, 0xBA, 0x56, 0xBD, 0x12, 0xAE, 0xB9, 0x74,
0xAF, 0x2C, 0x96, 0xD5, 0x17, 0xA3, 0x02, 0x4A, 0x4D, 0x56, 0xC3, 0xCE, 0x72, 0x52, 0xD6, 0x93, 0x6A, 0x32, 0xDE, 0x01, 0x2B,
0x22, 0xE6, 0x96, 0xE1, 0xAA, 0xEB, 0x50, 0x3D, 0xA3, 0x56, 0xF1, 0x50, 0xE8, 0x7D, 0x79, 0xF8, 0xA5, 0x77, 0xFD, 0xE2, 0xD3,
0x83, 0xE1, 0xE0, 0xD6, 0x45, 0xF1, 0xA8, 0x67, 0x56, 0x34, 0xA4, 0xC9, 0x5A, 0xCB, 0x4E, 0xF1, 0x31, 0x1F, 0xE2, 0x22, 0x79,
0x71, 0x5D, 0x2C, 0x2D, 0x3D, 0x35, 0xCF, 0xF2, 0x4A, 0x63, 0xF2, 0x3D, 0x8C, 0x70, 0xAB, 0x7C, 0x1D, 0x70, 0xBD, 0x13, 0x8D,
0xB8, 0x63, 0x4B, 0x74, 0xBB, 0x88, 0x68, 0xBF, 0x30, 0x63, 0xAC, 0x76, 0xD7, 0xF3, 0xEA, 0x22, 0x0D, 0xA9, 0x32, 0xBA, 0x9A,
0x4B, 0x8B, 0x71, 0x5C, 0xAD, 0x1C, 0xD3, 0x3B, 0x30, 0x96, 0xAB, 0x5C, 0xD7, 0x16, 0xDC, 0xEB, 0x55, 0xC5, 0x5D, 0x73, 0x50,
0x16, 0x03, 0xC9, 0x50, 0x4B, 0x5A, 0xD1, 0xFC, 0x2A, 0x6A, 0x16, 0xD7, 0xE2, 0x32, 0xD9, 0xED, 0x6A, 0x17, 0x5B, 0xB3, 0x4E,
0x49, 0x42, 0x6C, 0x54, 0x95, 0x52, 0x5F, 0xAB, 0x8A, 0x12, 0x0C, 0xDB, 0x45, 0x75, 0x89, 0x64, 0xA9, 0x86, 0x2E, 0xC2, 0xB4,
0x2B, 0x1A, 0x72, 0xC8, 0x52, 0x4D, 0x43, 0x74, 0xA9, 0x57, 0x15, 0xB2, 0x5E, 0x17, 0xC8, 0x72, 0x39, 0x72, 0xB9, 0x38, 0x17,
0x0D, 0xD7, 0xD5, 0x11, 0xB2, 0x64, 0xBD, 0xA2, 0x94, 0x0F, 0xBB, 0x2A, 0x29, 0x31, 0xB2, 0x5E, 0xDC, 0x90, 0x0E, 0x0F, 0x8C,
0xC8, 0x59, 0x86, 0x2C, 0xD9, 0xAE, 0x93, 0x4B, 0x84, 0xCB, 0x75, 0x72, 0xF9, 0xB1, 0x0D, 0x39, 0x5D, 0xF8, 0x5A, 0x02, 0x9C,
0x2E, 0xAE, 0x75, 0x55, 0x74, 0x2F, 0x54, 0x2E, 0xA0, 0xB5, 0xAB, 0x58, 0x82, 0xFC, 0x72, 0x4D, 0x5B, 0x03, 0xA0, 0x37, 0xA0,
0x89, 0x69, 0x9D, 0xC0, 0xD7, 0xA4, 0xBA, 0x7A, 0x35, 0x5B, 0x4E, 0x3B, 0xA8, 0x95, 0x92, 0x9A, 0x15, 0x4D, 0x41, 0xAC, 0x1E,
0xC4, 0x7E, 0x59, 0xD1, 0x2E, 0x05, 0xA8, 0xB1, 0xC5, 0xB8, 0xB9, 0xAC, 0xD5, 0x1C, 0x93, 0x2E, 0x91, 0x35, 0xE6, 0x0F, 0x71,
0xAB, 0x59, 0x52, 0x09, 0x63, 0xF5, 0x52, 0x5C, 0x06, 0x59, 0x2A, 0x26, 0xF3, 0x53, 0x69, 0xE5, 0x4C, 0x29, 0xAB, 0x59, 0xC1,
0x12, 0xCA, 0x9A, 0x74, 0x43, 0x88, 0x59, 0x4B, 0x3D, 0x14, 0xD2, 0xD8, 0x12, 0xE5, 0x10, 0x22, 0x4E, 0x37, 0x25, 0xB4, 0xE4,
0xA2, 0xA5, 0xBA, 0x24, 0xEE, 0xAC, 0xAE, 0x99, 0xCB, 0x47, 0xF5, 0x7A, 0x86, 0xD0, 0xD3, 0x55, 0xB5, 0x2C, 0x2C, 0x35, 0xC0,
0x6C, 0x08, 0x3E, 0x5D, 0xF5, 0x1D, 0x22, 0x53, 0xBD, 0x81, 0x5C, 0x2C, 0x9A, 0x57, 0xD0, 0xA4, 0x9B, 0xD6, 0x89, 0x6D, 0x08,
0xA2, 0x4D, 0x98, 0xEA, 0x12, 0xEB, 0xA2, 0xF9, 0xF7, 0x3E, 0x85, 0x34, 0x11, 0x7C, 0xC5, 0x21, 0x85, 0x1C, 0xD1, 0x84, 0xAA,
0xA6, 0x3C, 0xB4, 0xF5, 0xB5, 0xD6, 0xAD, 0x14, 0x73, 0x6E, 0x4B, 0x41, 0x17, 0xB0, 0x92, 0x2C, 0x3D, 0x65, 0x4C, 0x6B, 0x73,
0x34, 0xCA, 0xA2, 0x46, 0xEB, 0x64, 0xC7, 0x19, 0xCE, 0x55, 0x86, 0x7C, 0xD2, 0x6C, 0x84, 0xD3, 0x42, 0x88, 0xB5, 0x8C, 0x0F,
0x7D, 0xBA, 0xD8, 0x21, 0x3E, 0xBD, 0xAA, 0x1F, 0x7C, 0x7A, 0x35, 0xF7, 0xF7, 0xF4, 0x33, 0x79, 0xBD, 0x7F, 0x3A, 0x67, 0xF7,
0x4F, 0xE6, 0xE3, 0xFE, 0x49, 0x5D, 0xDB, 0xAF, 0xD1, 0xA3, 0x3D, 0x75, 0x3A, 0xB2, 0xA7, 0x0E, 0xFF, 0xF5, 0x4B, 0x27, 0x7A,
0x6B, 0x91, 0xCA, 0x0C, 0x14, 0x37, 0x25, 0x31, 0x57, 0xF2, 0x24, 0x4F, 0x9B, 0x7B, 0x84, 0xA7, 0xD5, 0x8E, 0xE0, 0x69, 0x95,
0xFF, 0xF7, 0x65, 0xC5, 0x76, 0x95, 0xF1, 0xD4, 0xAC, 0x0D, 0x5B, 0xC8, 0x2E, 0x96, 0x76, 0xE4, 0x4E, 0x9B, 0xB9, 0x64, 0xA7,
0x55, 0x9E, 0xD8, 0xA9, 0xDB, 0x01, 0xDB, 0x3D, 0x7E, 0x15, 0xE8, 0xCD, 0x18, 0xBE, 0x76, 0xDD, 0x5F, 0xD2, 0x91, 0x3A, 0x6D,
0xE2, 0x13, 0x9D, 0x56, 0xB8, 0x42, 0xA7, 0x4E, 0x0F, 0x68, 0xF7, 0xB8, 0x55, 0xE4, 0x39, 0x73, 0xE0, 0xFA, 0x05, 0x79, 0x69,
0x4F, 0xE7, 0xB4, 0x99, 0xCF, 0x72, 0x5A, 0xE5, 0xAA, 0x9C, 0xBA, 0x3D, 0x94, 0x8D, 0xF1, 0x97, 0xF3, 0x4B, 0xF2, 0x40, 0xAD,
0x15, 0x66, 0x35, 0xE2, 0x9E, 0x94, 0x27, 0x0C, 0xE1, 0x16, 0x3E, 0x83, 0x05, 0xA5, 0x77, 0xC4, 0xD5, 0x59, 0x5A, 0x15, 0x53,
0x95, 0x9D, 0xEA, 0x01, 0x88, 0x44, 0x8F, 0x8E, 0x21, 0x94, 0x2E, 0x6B, 0xDA, 0x20, 0xF2, 0xAB, 0xDE, 0xE2, 0x2B, 0x9E, 0x3D,
0x18, 0x55, 0x55, 0x3B, 0x1B, 0x6D, 0x95, 0xDB, 0xE0, 0x0A, 0xBA, 0xBB, 0x52, 0x73, 0x7B, 0x85, 0x62, 0x6C, 0x69, 0x8D, 0x9D,
0xCE, 0x2B, 0x69, 0xA3, 0x2A, 0xEB, 0xE8, 0xB4, 0x82, 0x9A, 0x22, 0xAE, 0xA4, 0x9C, 0xBB, 0x52, 0xA0, 0xF5, 0x77, 0x7D, 0xB2,
0x13, 0x95, 0xF6, 0xA0, 0xE9, 0xAD, 0x0B, 0xFD, 0xC2, 0x0D, 0xB7, 0x83, 0x07, 0x49, 0x40, 0x36, 0xA6, 0x83, 0x35, 0xE9, 0x77,
0xF0, 0x6E, 0xC5, 0x74, 0x2A, 0x92, 0x91, 0x9E, 0x99, 0x0C, 0xF5, 0xAC, 0x7F, 0x92, 0xE9, 0x37, 0xB6, 0x11, 0x2F, 0xA0, 0xAD,
0x67, 0xDF, 0x68, 0xA3, 0x74, 0x29, 0xA0, 0xB5, 0x96, 0x2D, 0x99, 0xFE, 0xE3, 0x21, 0xA3, 0x99, 0x15, 0x3B, 0x3B, 0xED, 0x5A,
0x36, 0xFC, 0xF6, 0x14, 0x33, 0xC1, 0x50, 0x59, 0xA1, 0xDF, 0xE9, 0xAD, 0x99, 0x1A, 0xC0, 0x4C, 0x4C, 0x8C, 0xCF, 0x14, 0xA1,
0x99, 0xE7, 0x06, 0xBA, 0x0D, 0x06, 0x5F, 0x6F, 0xB9, 0x69, 0x6E, 0x15, 0x2B, 0x30, 0xB5, 0x02, 0xE7, 0xF2, 0xE9, 0x55, 0x72,
0xD1, 0x49, 0xB1, 0x7D, 0x42, 0x9D, 0xF6, 0x48, 0x8F, 0xE9, 0x06, 0xCA, 0xD0, 0x6A, 0x45, 0x2B, 0xE9, 0xBB, 0x49, 0xC3, 0x4A,
0x3F, 0xA6, 0x81, 0x25, 0x64, 0x53, 0x2F, 0xEB, 0x7A, 0xE0, 0x4E, 0xE0, 0xE4, 0xDE, 0x86, 0xD8, 0x7E, 0xC4, 0xF5, 0x22, 0x2E,
0x15, 0xDD, 0x33, 0x4C, 0x91, 0xDA, 0x52, 0x0D, 0x44, 0x31, 0x62, 0x43, 0x56, 0x8E, 0xD8, 0x0E, 0xB3, 0x4F, 0x4B, 0x56, 0x92,
0x27, 0x41, 0xCC, 0x18, 0x61, 0xB1, 0x72, 0xB6, 0x9A, 0x0A, 0xF1, 0xCC, 0x44, 0x70, 0x6A, 0xEB, 0xF5, 0x7A, 0x6D, 0x23, 0x8B,
0x51, 0x11, 0x26, 0x9D, 0xA2, 0x1D, 0xE6, 0x55, 0xF4, 0x26, 0x90, 0xE2, 0x81, 0x27, 0x45, 0xEC, 0xF4, 0x7F, 0x8E, 0x7A, 0xFD,
0x63, 0x84, 0x44, 0xFF, 0x39, 0xFA, 0x7F, 0xFF, 0xE7, 0xFF, 0xB6, 0xF5, 0xFC, 0x7D, 0x7C, 0x2D, 0x8C, 0x56, 0x1A, 0x09, 0xC4,
0xF6, 0x44, 0xCE, 0x05, 0x92, 0x45, 0x5C, 0x39, 0x4F, 0x46, 0x75, 0x82, 0x84, 0x25, 0x13, 0x1B, 0x91, 0x63, 0xA5, 0x4C, 0x29,
0xA0, 0x92, 0x08, 0x50, 0x82, 0x19, 0x9A, 0x53, 0xA8, 0x72, 0x1D, 0xFD, 0x35, 0xCC, 0xBE, 0x43, 0x3A, 0x99, 0x96, 0x6B, 0xD3,
0x35, 0xCC, 0xB7, 0xD0, 0x3C, 0xDB, 0x82, 0xCC, 0xE9, 0x23, 0x62, 0x93, 0x89, 0xA2, 0x0D, 0x12, 0x07, 0x5C, 0x25, 0x43, 0x83,
0x05, 0xB7, 0x62, 0x70, 0x38, 0xBE, 0xBF, 0x2A, 0x06, 0x50, 0x1F, 0x93, 0xBE, 0x48, 0xC1, 0x31, 0x12, 0x31, 0x38, 0x8A, 0xB0,
0xF0, 0x32, 0x45, 0x43, 0xBA, 0x44, 0x44, 0x7A, 0x7B, 0x42, 0xFC, 0xF6, 0x5A, 0xA4, 0x68, 0x41, 0xFC, 0xDC, 0xA4, 0xEC, 0xD9,
0x29, 0x63, 0x81, 0x73, 0x4A, 0x85, 0x9B, 0x5F, 0x06, 0x82, 0x43, 0xBF, 0x3B, 0xFD, 0xCE, 0xCF, 0xE3, 0x6F, 0xBB, 0x3F, 0x7B,
0xFC, 0x4F, 0xDF, 0xD5, 0xB9, 0xAC, 0xF4, 0x00, 0x34, 0x7A, 0xEA, 0xFF, 0x82, 0xDC, 0x31, 0xEC, 0xC5, 0x7C, 0x3A, 0x44, 0xA8,
0x39, 0xFE, 0xFE, 0xCD, 0xDA, 0x5B, 0x44, 0x05, 0x85, 0x2B, 0x62, 0xE9, 0xC3, 0xFA, 0xDB, 0x2E, 0x68, 0xE3, 0x36, 0xA3, 0xA4,
0x05, 0x95, 0xB1, 0x1B, 0x64, 0x96, 0xB1, 0xF4, 0x45, 0x70, 0xC6, 0x0F, 0xB6, 0x8E, 0x00, 0xF0, 0x8A, 0x5A, 0xDB, 0xF2, 0x44,
0x68, 0x19, 0x44, 0x21, 0x8F, 0x0F, 0x87, 0xA7, 0x2B, 0x95, 0xA5, 0xC5, 0x9B, 0x52, 0x86, 0x0C, 0x39, 0x0F, 0xA3, 0xD6, 0xAE,
0x59, 0xA7, 0x3A, 0x5F, 0x85, 0x55, 0x99, 0x26, 0xAA, 0x57, 0xA6, 0xE7, 0x05, 0xB3, 0x93, 0x3B, 0x67, 0x60, 0x2C, 0x54, 0xA7,
0x48, 0xE8, 0x51, 0x85, 0xD7, 0x76, 0x0D, 0x0D, 0xDB, 0xAA, 0x10, 0x53, 0xC7, 0xCA, 0x05, 0x69, 0x12, 0x2C, 0x04, 0x94, 0xBB,
0x00, 0xFB, 0x9A, 0xC7, 0x89, 0xBE, 0x12, 0x3A, 0x0A, 0x96, 0x8E, 0x2F, 0x65, 0x69, 0x1D, 0xBB, 0xE5, 0x55, 0x54, 0x23, 0x92,
0x69, 0x30, 0x3B, 0xEF, 0x1E, 0x46, 0x4C, 0x0A, 0x6B, 0x41, 0x79, 0xD4, 0xB8, 0x54, 0xD2, 0x11, 0x4C, 0xFB, 0x92, 0xFC, 0x5A,
0xFC, 0xF7, 0x20, 0x4E, 0xC4, 0x2C, 0x79, 0x94, 0x7D, 0x64, 0x8F, 0x5C, 0x10, 0xE1, 0xA9, 0xB8, 0xFB, 0xF2, 0x7B, 0xCA, 0x51,
0x42, 0x15, 0x43, 0xCA, 0x0D, 0x49, 0x7E, 0xAE, 0x14, 0x68, 0x56, 0x34, 0x07, 0xA7, 0x19, 0x8A, 0x22, 0x8B, 0x62, 0x7B, 0x94,
0x35, 0x72, 0xA2, 0x8A, 0xC2, 0x19, 0x07, 0x52, 0x29, 0x6A, 0x67, 0xA9, 0x8C, 0x27, 0xDD, 0x12, 0x86, 0xA9, 0xF4, 0x16, 0x71,
0xE6, 0x53, 0x6E, 0x8B, 0x82, 0xE5, 0xF9, 0xEB, 0x93, 0x43, 0xF0, 0x2D, 0x5D, 0xFB, 0x36, 0xEC, 0x61, 0x70, 0x11, 0xA5, 0xA9,
0x21, 0xF4, 0xC6, 0x1F, 0xC9, 0x80, 0x54, 0x94, 0x9B, 0xA6, 0xC7, 0x54, 0x4E, 0xAD, 0x1D, 0x1E, 0x1D, 0x25, 0x39, 0x13, 0x42,
0x3C, 0x88, 0x5E, 0xB4, 0x2D, 0x12, 0xBA, 0x85, 0x51, 0x98, 0x85, 0x3E, 0xF7, 0xE6, 0x11, 0x10, 0xC1, 0xC8, 0xBE, 0x75, 0x64,
0x9F, 0xA8, 0x4C, 0xDB, 0xE2, 0x72, 0x69, 0xB7, 0xD8, 0x9B, 0x17, 0xB1, 0x6C, 0x5B, 0x5F, 0x22, 0xF6, 0x63, 0x3C, 0xE7, 0xE1,
0x8A, 0xE7, 0x29, 0x75, 0xAE, 0x9D, 0x23, 0x72, 0x79, 0x97, 0x02, 0xFE, 0xBB, 0x6B, 0xCB, 0xEF, 0x52, 0xDA, 0x0E, 0x02, 0x4E,
0x9C, 0x2D, 0xA2, 0x81, 0x92, 0x8F, 0x94, 0x9C, 0x0D, 0xCC, 0x04, 0xBF, 0x5D, 0x26, 0x51, 0x87, 0xFB, 0x34, 0x27, 0x93, 0x99,
0x1F, 0xC2, 0xA3, 0xB0, 0x94, 0x38, 0xC9, 0xDA, 0x03, 0xED, 0x87, 0x00, 0xD6, 0x39, 0x80, 0x96, 0xCE, 0xE5, 0x8F, 0x33, 0x1F,
0x94, 0x00, 0xB8, 0xCA, 0xA3, 0xDB, 0xB2, 0x1F, 0xC2, 0xA7, 0x61, 0xCE, 0x3A, 0x3E, 0x68, 0xE7, 0x4C, 0x29, 0x54, 0x72, 0x14,
0xC2, 0x53, 0x9F, 0xBE, 0xC2, 0xC9, 0x00, 0x8E, 0xB6, 0xC1, 0x19, 0xFA, 0x5E, 0x88, 0x99, 0x4D, 0xB0, 0xB2, 0x0A, 0x23, 0xD5,
0x48, 0xAC, 0xD2, 0x75, 0x58, 0xC9, 0x67, 0x44, 0xD0, 0xA6, 0x49, 0x2D, 0xC4, 0xC8, 0x46, 0x70, 0x96, 0xB7, 0x92, 0x03, 0x9E,
0x72, 0xF1, 0xEA, 0xB0, 0x4E, 0xE4, 0xE5, 0x86, 0xC7, 0xEE, 0xE1, 0x6D, 0x35, 0x03, 0xB5, 0xB8, 0x08, 0x95, 0xE1, 0x7C, 0xFD,
0x60, 0x5E, 0x59, 0x5B, 0xE7, 0xA3, 0x68, 0x0C, 0x6C, 0x39, 0x25, 0x02, 0xB7, 0x98, 0xD1, 0xD2, 0x00, 0x87, 0x5F, 0xE0, 0xDF,
0xB3, 0x70, 0x42, 0x42, 0x6C, 0x2D, 0x19, 0x0D, 0x42, 0x86, 0xC1, 0x95, 0x9A, 0x88, 0xEC, 0xF8, 0x1C, 0x4C, 0x1A, 0x42, 0x74,
0x3C, 0x52, 0x59, 0x98, 0x91, 0x9D, 0x60, 0x4A, 0xC9, 0x7A, 0x53, 0xC7, 0xE5, 0xE2, 0x51, 0x2A, 0x52, 0x34, 0x0B, 0x99, 0x75,
0x5A, 0xE2, 0xD4, 0x35, 0xE0, 0x2A, 0xE5, 0x72, 0x7B, 0x5F, 0x8C, 0x54, 0xBF, 0x41, 0x12, 0x97, 0xC6, 0xA3, 0x5F, 0x68, 0xEF,
0x32, 0x91, 0xE2, 0xB1, 0xED, 0xD3, 0xF4, 0x8D, 0x0F, 0x22, 0x12, 0x2E, 0xC9, 0x43, 0xB4, 0xB7, 0xB1, 0x4A, 0xC3, 0x4C, 0xDC,
0x87, 0x60, 0x37, 0x2E, 0xCD, 0xCF, 0xFC, 0xC8, 0xD0, 0xBE, 0x16, 0x84, 0x47, 0x99, 0x16, 0xA7, 0x56, 0xAA, 0x77, 0x1E, 0x2E,
0x03, 0x51, 0xCE, 0x43, 0x08, 0x37, 0xD9, 0xB3, 0xC7, 0x32, 0xD3, 0x7B, 0x20, 0xC0, 0x51, 0xCA, 0x6A, 0x83, 0x74, 0xC6, 0x24,
0xE5, 0x69, 0x0F, 0x05, 0x4C, 0x7A, 0x94, 0x44, 0x91, 0x34, 0xA7, 0xD0, 0x1D, 0x89, 0xEC, 0xD2, 0x8E, 0x1A, 0xDF, 0x65, 0xD3,
0x89, 0x1E, 0x1C, 0x43, 0x0F, 0xBB, 0xC0, 0x0B, 0xC0, 0x1C, 0x81, 0x3B, 0x82, 0x8E, 0xC9, 0x4C, 0x5A, 0x76, 0x72, 0x49, 0xA9,
0x1B, 0x87, 0xDC, 0x23, 0x7F, 0xD0, 0x42, 0x34, 0x0B, 0x50, 0xE6, 0xD0, 0xEF, 0x81, 0x52, 0x07, 0x13, 0xB0, 0xFB, 0xC3, 0x73,
0xBD, 0xE8, 0x73, 0x7A, 0x2B, 0x4B, 0x40, 0xED, 0x08, 0x8F, 0x56, 0x84, 0x64, 0x81, 0x95, 0x46, 0x8B, 0xF3, 0xE4, 0xBD, 0x61,
0xDA, 0x23, 0xDF, 0xD3, 0x71, 0x12, 0xCF, 0x10, 0x57, 0x82, 0x44, 0xF2, 0x23, 0x3D, 0x88, 0x43, 0x69, 0x38, 0xBD, 0x71, 0xE8,
0x83, 0xB7, 0x66, 0xFA, 0x43, 0x6F, 0x04, 0xC6, 0x20, 0x48, 0x28, 0x0E, 0x85, 0x8E, 0xC6, 0xE5, 0xBA, 0x32, 0xF5, 0xA6, 0x1D,
0x25, 0xA2, 0x5C, 0x50, 0x88, 0x13, 0xCA, 0xD1, 0x24, 0xEE, 0x9F, 0x6C, 0x9A, 0x05, 0x39, 0x4E, 0xD9, 0xD0, 0x11, 0x53, 0x46,
0x4C, 0x0C, 0xFE, 0x15, 0xD1, 0x2F, 0x4E, 0x36, 0xCB, 0x2D, 0xC9, 0x98, 0x08, 0x84, 0x64, 0x88, 0x64, 0xC0, 0x1F, 0x5A, 0x5A,
0x84, 0x84, 0xDE, 0x68, 0x12, 0xA7, 0x1A, 0x90, 0x70, 0x7F, 0x9D, 0x86, 0x79, 0xBF, 0x3A, 0xC4, 0x07, 0xAD, 0x3D, 0x5E, 0xB4,
0x2A, 0xFA, 0x81, 0x2B, 0xBE, 0x41, 0x79, 0xC6, 0xB4, 0x01, 0xF2, 0x88, 0x6B, 0xF0, 0x22, 0xCE, 0x10, 0x64, 0x62, 0x86, 0x1B,
0xE9, 0x36, 0x43, 0xB6, 0xBD, 0xDE, 0x19, 0x76, 0xE1, 0x0E, 0xCD, 0x88, 0x8A, 0x5D, 0x36, 0x6B, 0xF1, 0x08, 0xDB, 0xD7, 0x05,
0xC3, 0x5B, 0x17, 0x99, 0x4A, 0x7D, 0xDA, 0x1E, 0x89, 0x1D, 0xD3, 0xA6, 0x30, 0xAF, 0x8B, 0x20, 0x22, 0xE2, 0x28, 0x15, 0x81,
0x2F, 0xAA, 0x20, 0x63, 0xAE, 0x45, 0x8F, 0xC3, 0x92, 0xEF, 0xBC, 0x56, 0xC1, 0xB4, 0x09, 0x38, 0xBD, 0x13, 0x62, 0xA6, 0x65,
0x97, 0x86, 0x0F, 0x44, 0x45, 0x5B, 0x71, 0x75, 0x17, 0x9F, 0xF2, 0xC5, 0x77, 0xCD, 0xB2, 0xFD, 0xF2, 0x7B, 0x2E, 0xDC, 0xE2,
0x4B, 0x46, 0x31, 0x57, 0x1A, 0x2E, 0x99, 0xFD, 0xC6, 0x7C, 0x16, 0x4F, 0xEF, 0xB4, 0x1D, 0x9E, 0x0B, 0x44, 0x68, 0xC1, 0x10,
0x06, 0x27, 0x05, 0x09, 0x7B, 0x38, 0xFE, 0xC5, 0xA7, 0x9D, 0x42, 0xF1, 0x70, 0x90, 0x36, 0x9E, 0xFB, 0x6A, 0xC3, 0x8C, 0x1E,
0xA7, 0x4C, 0x4E, 0x09, 0x4A, 0x29, 0x9F, 0xE8, 0x83, 0x14, 0xA8, 0xD4, 0x48, 0x1D, 0xE5, 0xEC, 0xED, 0xDA, 0x92, 0x0E, 0xC9,
0xC4, 0x70, 0x43, 0x45, 0xCE, 0x3D, 0x41, 0xB1, 0xF5, 0xB6, 0xBB, 0x86, 0x1D, 0x4E, 0xA8, 0x4E, 0x56, 0xC3, 0x1C, 0x6A, 0x91,
0x6D, 0xFE, 0xBB, 0xD2, 0x2A, 0xBC, 0xEB, 0x96, 0xC3, 0x9A, 0xB7, 0x79, 0xAC, 0x91, 0xF6, 0x8A, 0x9D, 0x71, 0x9D, 0x59, 0xBD,
0x5A, 0xA1, 0x98, 0xE4, 0x54, 0xCA, 0x69, 0xE2, 0x73, 0xAA, 0xAF, 0x27, 0x49, 0xB6, 0xD3, 0xE1, 0x94, 0x51, 0xC1, 0x38, 0xF5,
0x9B, 0xCE, 0x48, 0xA0, 0xF1, 0x72, 0xB3, 0xAA, 0x19, 0x7A, 0x71, 0x26, 0x75, 0xAA, 0x23, 0x96, 0xA8, 0x9F, 0xFA, 0x6A, 0x39,
0xFA, 0x17, 0x94, 0xDD, 0x1B, 0x72, 0x9B, 0x27, 0x7F, 0xE2, 0x84, 0x2F, 0xDD, 0x2E, 0x75, 0x20, 0x43, 0x3E, 0xBF, 0x00, 0x30,
0x55, 0x23, 0x2C, 0x22, 0xEA, 0x56, 0x37, 0x28, 0x4E, 0xED, 0x72, 0x73, 0xA5, 0xD5, 0x32, 0xEE, 0x27, 0xC6, 0x34, 0x45, 0x3C,
0x9A, 0xAA, 0x85, 0x55, 0x70, 0xE5, 0x22, 0xCE, 0xD2, 0x8A, 0x4B, 0x16, 0x61, 0xD7, 0x0A, 0x63, 0xA6, 0xC5, 0xD1, 0xEF, 0xB8,
0x45, 0x12, 0x8B, 0xF6, 0x58, 0xE9, 0xCA, 0x58, 0xB3, 0xBE, 0xFA, 0xC5, 0x6B, 0x45, 0xB1, 0x2D, 0xB5, 0x8C, 0xD9, 0x0F, 0x09,
0xC5, 0xB2, 0x49, 0x44, 0x6C, 0x87, 0x88, 0x71, 0xCE, 0x8F, 0xED, 0x17, 0xDC, 0x46, 0xCE, 0x7B, 0xE5, 0xAC, 0xA4, 0xE4, 0xFA,
0xF8, 0x51, 0x37, 0x68, 0x3F, 0x56, 0x29, 0x9F, 0x53, 0xC6, 0xFD, 0x70, 0xDA, 0x2B, 0xB2, 0xD7, 0xC1, 0x6A, 0x59, 0xB0, 0x4C,
0x54, 0x01, 0x3A, 0x5A, 0x50, 0xEF, 0x80, 0xB8, 0xD8, 0x78, 0x02, 0x69, 0xB6, 0x09, 0x12, 0x9D, 0xC3, 0x13, 0xA7, 0xA9, 0x48,
0xF0, 0x98, 0xF7, 0x2A, 0x32, 0x56, 0x0A, 0x06, 0x4D, 0xF6, 0xB4, 0x92, 0x2F, 0xF2, 0xB6, 0x6C, 0x74, 0x45, 0x61, 0x91, 0x7A,
0x71, 0x69, 0x2D, 0x69, 0x2D, 0x14, 0x98, 0x62, 0xEB, 0xDC, 0x60, 0x50, 0x08, 0x65, 0x02, 0x42, 0x71, 0xD7, 0x0D, 0x67, 0xAF,
0xA6, 0xDF, 0xAD, 0x9B, 0xBF, 0xBE, 0xB2, 0x02, 0x16, 0x65, 0x2D, 0x86, 0x1A, 0x85, 0x51, 0x96, 0x80, 0x54, 0xEC, 0x30, 0xF3,
0x9B, 0x84, 0x99, 0x73, 0x93, 0x6C, 0xCB, 0x4D, 0x2C, 0x07, 0x27, 0x8C, 0x6B, 0x57, 0x5C, 0xDB, 0xD3, 0x2E, 0x29, 0x9C, 0x5B,
0xDD, 0x34, 0x45, 0x03, 0x38, 0x9D, 0x5C, 0xE9, 0x28, 0x09, 0x67, 0x19, 0x3F, 0xCA, 0xEE, 0x8B, 0xDF, 0x22, 0x12, 0xAC, 0xCA,
0x2E, 0x3E, 0x1A, 0x47, 0x10, 0xF0, 0x42, 0xD7, 0x16, 0xBE, 0x4F, 0xBC, 0x28, 0xC8, 0xFA, 0xD1, 0x6C, 0xDA, 0xCF, 0xCF, 0x92,
0xBF, 0x6C, 0x7A, 0x1B, 0xDE, 0x5D, 0x1C, 0x7F, 0x69, 0x06, 0xDD, 0x4E, 0xF1, 0xDE, 0x1B, 0xCE, 0xE9, 0x1A, 0x47, 0x62, 0x35,
0xD4, 0xC6, 0x29, 0x0D, 0xC6, 0xEF, 0x98, 0xCC, 0x63, 0xC0, 0x64, 0x9E, 0xF8, 0x1B, 0x77, 0x6F, 0xF7, 0x9E, 0x7E, 0x7F, 0x1E,
0x3F, 0x41, 0xB2, 0xD2, 0xBD, 0xBF, 0x4E, 0xCE, 0xDF, 0x9F, 0x7D, 0xB8, 0xF7, 0xDD, 0x2F, 0xAB, 0xF7, 0xFE, 0x36, 0xFA, 0x31,
0xDA, 0x88, 0xDE, 0xDF, 0x39, 0x0B, 0x5F, 0xFD, 0x63, 0xF2, 0xDB, 0x9D, 0x1F, 0x7F, 0x3C, 0xFB, 0x5B, 0xF2, 0xC3, 0x3F, 0x46,
0xFF, 0xEB, 0xFB, 0xFE, 0xA3, 0x69, 0xF4, 0x8F, 0xC7, 0x1F, 0xF6, 0xBF, 0x7D, 0xBC, 0x9E, 0x8E, 0xFE, 0x63, 0xF8, 0xEC, 0xF0,
0xC3, 0x33, 0x70, 0x04, 0x49, 0x9C, 0x22, 0x4C, 0x72, 0x88, 0x78, 0xB4, 0x83, 0x96, 0x0F, 0xAD, 0xC2, 0xF9, 0x14, 0xAA, 0x31,
0xE2, 0xC3, 0xF2, 0x39, 0xE1, 0x7C, 0xC7, 0xB2, 0xF0, 0x1F, 0x27, 0x38, 0x5E, 0x77, 0xFF, 0x3F, 0x74, 0x21, 0x0C, 0x65, 0xF1,
0x61, 0x01, 0x00
};
